Date,Year,Month,Day,Weekday,Week_Number,Year_Week,Open,High,Low,Close,Volume,Adj Close,Return,Short_MA,Long_MA,label
2018/1/2,2018,1,2,1,0,2018-00,154.76,156.35,153.31,156.19,1067600,150.09,0,150.09,150.09,green
2018/1/3,2018,1,3,2,0,2018-00,156.03,157.69,155.68,157.5,1427900,151.35,0.008387296,150.72,150.72,green
2018/1/4,2018,1,4,3,0,2018-00,159.39,161.34,158.87,159.97,1896800,153.73,0.015682457,151.7233333,151.7233333,green
2018/1/5,2018,1,5,4,0,2018-00,161.77,162.34,160.56,161.37,1699500,155.07,0.008751811,152.56,152.56,green
2018/1/8,2018,1,8,0,1,1??-18,161.11,161.65,160.46,161.31,936700,155.01,-0.000371946,153.05,153.05,green
2018/1/9,2018,1,9,1,1,1??-18,162.34,164.49,161.96,162.88,3366400,156.52,0.009732856,153.6283333,153.6283333,green
2018/1/10,2018,1,10,2,1,1??-18,162.7,163.17,161.5,162.62,2416800,156.27,-0.001596336,154.0057143,154.0057143,green
2018/1/11,2018,1,11,3,1,1??-18,164.11,166.08,163.31,163.81,2007100,157.42,0.007317684,154.4325,154.4325,green
2018/1/12,2018,1,12,4,1,1??-18,164.06,165.12,163.25,164.15,2644400,157.74,0.00207562,154.8,154.8,green
2018/1/16,2018,1,16,1,2,2??-18,164.5,165.23,160.22,162.1,2754100,155.77,-0.012488575,154.897,154.897,green
2018/1/17,2018,1,17,2,2,2??-18,163.55,164.23,161.46,163.46,1751900,157.08,0.008389965,155.0954545,155.0954545,green
2018/1/18,2018,1,18,3,2,2??-18,162.98,164.51,161.4,161.5,1746700,155.2,-0.011990797,155.1041667,155.1041667,green
2018/1/19,2018,1,19,4,2,2??-18,162.2,162.35,161.29,161.88,1678800,155.56,0.002353171,155.1392308,155.1392308,red
2018/1/22,2018,1,22,0,3,3??-18,161.57,161.7,159.61,160.62,1523400,154.35,-0.007783703,155.0828571,155.0828571,red
2018/1/23,2018,1,23,1,3,3??-18,159.66,160.81,158.51,159.23,1775300,153.02,-0.008654113,155.2921429,154.9453333,red
2018/1/24,2018,1,24,2,3,3??-18,159.1,162.04,158.98,160.87,3701100,154.59,0.010299665,155.5235714,154.923125,red
2018/1/25,2018,1,25,3,3,3??-18,166.26,166.95,161.8,163.35,3391800,156.97,0.015416116,155.755,155.0435294,red
2018/1/26,2018,1,26,4,3,3??-18,163.69,166.24,162.18,165.69,1870000,159.22,0.014325102,156.0514286,155.2755556,red
2018/1/29,2018,1,29,0,4,4??-18,165.2,166.13,160.71,162.83,2982800,156.47,-0.017261222,156.1557143,155.3384211,red
2018/1/30,2018,1,30,1,4,4??-18,162.7,162.94,160.66,160.72,2007700,154.45,-0.012958232,156.0078571,155.294,red
2018/1/31,2018,1,31,2,4,4??-18,161.43,162.33,160.04,161.49,3570500,155.19,0.004791029,155.9307143,155.2890476,red
2018/2/1,2018,2,1,3,4,4??-18,159.84,160.9,158.93,159.83,1520800,153.59,-0.010279511,155.6571429,155.2118182,red
2018/2/2,2018,2,2,4,4,4??-18,156.72,157.35,154.95,155.05,2086200,149,-0.029906569,155.0328571,154.9417391,red
2018/2/5,2018,2,5,0,5,5??-18,154.02,156.84,150.03,150.32,2593900,144.45,-0.030506365,154.2242857,154.5045833,red
2018/2/6,2018,2,6,1,5,5??-18,150.15,156.39,148.02,155.31,3718100,149.25,0.033196005,153.665,154.2944,red
2018/2/7,2018,2,7,2,5,5??-18,154.56,154.78,150,150.01,2248000,144.15,-0.034125424,152.8757143,153.9042308,red
2018/2/8,2018,2,8,3,5,5??-18,149.88,150.62,144.05,144.07,2054300,138.45,-0.039597288,151.6535714,153.3318519,red
2018/2/9,2018,2,9,4,5,5??-18,145.29,150.63,144.7,149.48,3116200,143.65,0.037551153,150.8892857,152.9860714,red
2018/2/12,2018,2,12,0,6,6??-18,150.87,154.98,150.5,153.75,3099700,147.75,0.028565553,150.5128571,152.8055172,green
2018/2/13,2018,2,13,1,6,6??-18,152.73,154.45,152.08,153.83,1402800,147.83,0.000520507,150.03,152.6396667,green
2018/2/14,2018,2,14,2,6,6??-18,152.25,156.24,152,155.07,1622000,149.02,0.00806097,149.4621429,152.5229032,green
2018/2/15,2018,2,15,3,6,6??-18,156.27,156.31,153.12,155.8,1634200,149.72,0.004707347,148.7835714,152.4353125,green
2018/2/16,2018,2,16,4,6,6??-18,154.55,155.13,153.2,153.61,1589400,147.61,-0.014056385,148.1507143,152.2890909,green
2018/2/20,2018,2,20,1,7,7??-18,152.25,154.26,151.64,153.6,2590500,147.6,-6.52E-05,147.6614286,152.1511765,green
2018/2/21,2018,2,21,2,7,7??-18,153.47,155.74,152.74,152.74,1834100,146.78,-0.005598841,147.0607143,151.9977143,green
2018/2/22,2018,2,22,3,7,7??-18,153.87,154.96,153.14,153.67,1627100,147.67,0.00608882,146.6378571,151.8775,green
2018/2/23,2018,2,23,4,7,7??-18,154.31,155.74,152.55,155.62,1593400,149.55,0.012689402,146.6771429,151.8145946,green
2018/2/26,2018,2,26,0,8,8??-18,155.44,155.98,153.66,155.83,1018600,149.75,0.001349503,147.0557143,151.7602632,red
2018/2/27,2018,2,27,1,8,8??-18,154.9,155.32,153.55,154,1239400,147.99,-0.011743683,146.9657143,151.6635897,red
2018/2/28,2018,2,28,2,8,8??-18,154.15,154.5,149.66,149.75,1541700,143.91,-0.027597325,146.9485714,151.46975,red
2018/3/1,2018,3,1,3,8,8??-18,149.21,150.08,146.59,147.92,1918000,142.15,-0.012220489,147.2128571,151.242439,red
2018/3/2,2018,3,2,4,8,8??-18,147.24,149.98,146.65,149.43,1420600,143.6,0.010208343,147.2092857,151.0604762,red
2018/3/5,2018,3,5,0,9,9??-18,148.81,153.42,148.51,152.74,1852900,146.78,0.022150905,147.14,150.9609302,green
2018/3/6,2018,3,6,1,9,9??-18,153.06,154.67,151.77,153.65,1470000,148.45,0.011420825,147.1842857,150.9038636,green
2018/3/7,2018,3,7,2,9,9??-18,152.55,155.8,152.31,155.1,1821700,149.86,0.009437123,147.2442857,150.8806667,green
2018/3/8,2018,3,8,3,9,9??-18,155.74,158.09,155.44,157.88,2190900,152.54,0.017923733,147.4457143,150.9167391,green
2018/3/9,2018,3,9,4,9,9??-18,157.95,160.18,157.15,160.09,1340300,154.68,0.013997837,147.9507143,150.9968085,green
2018/3/12,2018,3,12,0,10,10??-18,162.65,163.47,160.12,161.11,1787800,155.66,0.006371666,148.5264286,151.0939583,red
2018/3/13,2018,3,13,1,10,10??-18,161.88,161.99,159.07,160.37,1678500,154.95,-0.004593443,149.11,151.1726531,red
2018/3/14,2018,3,14,2,10,10??-18,160.94,161.24,157.48,157.54,1611600,152.21,-0.017646518,149.4342857,151.1934,red
2018/3/15,2018,3,15,3,10,10??-18,157.59,158.43,155.55,155.67,1491600,150.41,-0.011869848,149.4957143,151.1998,red
2018/3/16,2018,3,16,4,10,10??-18,154.65,155.34,153.15,154.32,2276000,149.1,-0.008672282,149.4492857,151.1548,red
2018/3/19,2018,3,19,0,11,11??-18,150.26,152.31,148.55,149.58,2058400,144.52,-0.030715278,149.2014286,150.9706,red
2018/3/20,2018,3,20,1,11,11??-18,150.58,151.14,149.87,150.22,837700,145.14,0.004278451,149.2892857,150.772,red
2018/3/21,2018,3,21,2,11,11??-18,150.6,152.88,149.99,151.71,826700,146.58,0.009918796,149.6057143,150.6034,red
2018/3/22,2018,3,22,3,11,11??-18,150.06,150.67,145.9,146.09,1351300,141.15,-0.037044382,149.4307143,150.296,red
2018/3/23,2018,3,23,4,11,11??-18,146.85,147.55,142.14,142.55,1232100,137.73,-0.024231525,148.7842857,149.9252,red
2018/3/26,2018,3,26,0,12,12??-18,145,146.46,143.67,146.11,1068200,141.17,0.024973752,148.2642857,149.6002,green
2018/3/27,2018,3,27,1,12,12??-18,146.18,147.15,143.15,144.11,856500,139.24,-0.013688408,147.5057143,149.2302,green
2018/3/28,2018,3,28,2,12,12??-18,144.45,144.82,141.36,142.16,1236200,137.35,-0.013531095,146.4207143,148.8618,green
2018/3/29,2018,3,29,3,12,12??-18,140.66,145.36,140.26,144.3,1461000,139.42,0.015053128,145.3307143,148.5086,green
2018/4/2,2018,4,2,0,13,2018-13,144.02,144.86,140.61,142.1,2028000,137.3,-0.015245889,144.0192857,148.1506,green
2018/4/3,2018,4,3,1,13,2018-13,141.97,144.24,141.4,143.64,1079000,138.78,0.010837336,142.8642857,147.815,green
2018/4/4,2018,4,4,2,13,2018-13,141.12,145.3,140,145.02,1132800,140.12,0.009607165,142.0007143,147.5304,green
2018/4/5,2018,4,5,3,13,2018-13,146,147.83,145.33,146.71,988100,141.75,0.011653794,141.3821429,147.305,green
2018/4/6,2018,4,6,4,13,2018-13,145.39,146.52,142.34,143.18,1188600,138.34,-0.024061088,140.6135714,146.98,green
2018/4/9,2018,4,9,0,14,2018-14,144.05,145.94,142.81,143.95,1231700,139.08,0.005377906,140.225,146.6222,green
2018/4/10,2018,4,10,1,14,2018-14,146.15,148.19,145.09,146.69,1089400,141.73,0.019034276,139.9814286,146.2724,green
2018/4/11,2018,4,11,2,14,2018-14,145.24,145.67,144.1,144.6,890700,139.71,-0.014247524,139.4907143,145.9372,green
2018/4/12,2018,4,12,3,14,2018-14,145.41,147.67,144.79,146.92,1001200,141.95,0.016044086,139.5478571,145.6872,green
2018/4/13,2018,4,13,4,14,2018-14,147.35,147.76,145.81,146.53,716500,141.58,-0.002654417,139.8228571,145.415,green
2018/4/16,2018,4,16,0,15,2018-15,148,151.2,147.01,151.2,2211500,146.09,0.031870524,140.1742857,145.265,green
2018/4/17,2018,4,17,1,15,2018-15,151.95,155.16,150.71,154.92,2268500,149.68,0.024603105,140.92,145.2786,green
2018/4/18,2018,4,18,2,15,2018-15,154.81,154.94,153.04,153.25,971000,148.07,-0.010779603,141.6857143,145.351,green
2018/4/19,2018,4,19,3,15,2018-15,152.85,152.85,150.42,151.56,839000,146.44,-0.011027842,142.1871429,145.2948,green
2018/4/20,2018,4,20,4,15,2018-15,151.26,151.36,149.65,150.68,974700,145.59,-0.005806212,142.7792857,145.3236,green
2018/4/23,2018,4,23,0,16,2018-16,149.54,150.73,149.09,150.36,865900,145.28,-0.002123871,143.2435714,145.4602,green
2018/4/24,2018,4,24,1,16,2018-16,150.67,151.24,144.9,146.78,1221000,141.82,-0.023809436,143.365,145.4236,green
2018/4/25,2018,4,25,2,16,2018-16,152.44,153.17,148.58,149.75,2062400,144.69,0.020234406,143.575,145.3624,green
2018/4/26,2018,4,26,3,16,2018-16,151.44,156.68,150.08,155.99,3037100,150.72,0.041669527,144.4592857,145.4202,green
2018/4/27,2018,4,27,4,16,2018-16,156,156.22,151.78,153.23,1734000,148.05,-0.0176934,145.1,145.4008,green
2018/4/30,2018,4,30,0,17,2018-17,153.85,153.85,151.95,152.52,1411300,147.36,-0.004633634,145.5021429,145.3536,red
2018/5/1,2018,5,1,1,17,2018-17,152.05,153.38,151.06,153.3,985100,148.12,0.005114119,146.1028571,145.3638,red
2018/5/2,2018,5,2,2,17,2018-17,153.89,154.02,150.79,151.24,1591800,146.13,-0.01343777,146.4014286,145.3344,red
2018/5/3,2018,5,3,3,17,2018-17,151.32,154.22,150.46,152.84,1537900,147.67,0.010579199,146.8364286,145.3522,red
2018/5/4,2018,5,4,4,17,2018-17,151.62,155.21,151.33,154.57,1066500,149.34,0.011318951,147.0685714,145.3856,red
2018/5/7,2018,5,7,0,18,2018-18,155.85,157.05,154.65,155.26,897100,150.01,0.004464115,147.0921429,145.3948,green
2018/5/8,2018,5,8,1,18,2018-18,154.45,155,153.32,154,1041200,148.79,-0.008115389,147.1435714,145.3756,green
2018/5/9,2018,5,9,2,18,2018-18,154.98,156.29,153.24,155.51,1365000,150.25,0.009805265,147.4157143,145.4208,green
2018/5/10,2018,5,10,3,18,2018-18,156.1,157.99,155.88,157.05,1250200,151.74,0.009902806,147.855,145.5774,green
2018/5/11,2018,5,11,4,18,2018-18,156.93,158.99,156.52,157.63,1166100,152.3,0.003692926,148.3564286,145.7804,green
2018/5/14,2018,5,14,0,19,2018-19,158.25,158.78,157.39,158.45,1150300,153.09,0.00520221,149.1614286,145.9702,green
2018/5/15,2018,5,15,1,19,2018-19,157.93,158.65,157.13,158.58,1344600,153.22,0.000820387,149.7707143,146.099,green
2018/5/16,2018,5,16,2,19,2018-19,158.46,159.81,158.13,159,1273400,153.62,0.002648562,149.9778571,146.2024,green
2018/5/17,2018,5,17,3,19,2018-19,159.01,160.17,158.52,159.86,1520500,154.45,0.005408878,150.435,146.2942,green
2018/5/18,2018,5,18,4,19,2018-19,159.27,160.36,159.14,159.54,1882500,154.15,-0.002001808,150.92,146.3264,green
2018/5/21,2018,5,21,0,20,2018-20,160.55,161.26,160,160.47,746800,155.04,0.005829292,151.4142857,146.3336,green
2018/5/22,2018,5,22,1,20,2018-20,160.72,161.69,159.07,159.21,1044300,153.83,-0.007852004,151.9642857,146.297,green
2018/5/23,2018,5,23,2,20,2018-20,158.26,158.97,157.1,158.67,1375900,153.3,-0.003391763,152.3664286,146.264,green
2018/5/24,2018,5,24,3,20,2018-20,159.18,159.27,156.75,157.5,1282400,152.17,-0.007373746,152.5685714,146.2632,green
2018/5/25,2018,5,25,4,20,2018-20,156.87,157.45,155.55,157.07,1094600,151.76,-0.002730196,152.6935714,146.2902,green
2018/5/29,2018,5,29,1,21,2018-21,155.92,156.55,153.25,153.31,1318000,148.13,-0.023938524,152.6464286,146.2708,green
2018/5/30,2018,5,30,2,21,2018-21,154.47,156.66,154.08,156.49,1223300,151.2,0.020742513,152.7142857,146.4044,green
2018/5/31,2018,5,31,3,21,2018-21,156.81,157.15,155.46,156.26,2504700,150.98,-0.001469781,152.66,146.5212,green
2018/6/1,2018,6,1,4,21,2018-21,157.6,158.53,156.61,157.8,1025200,152.46,0.009855378,152.6714286,146.6388,green
2018/6/4,2018,6,4,0,22,2018-22,158.5,158.92,157.27,157.53,641200,152.2,-0.001710985,152.6078571,146.8598,green
2018/6/5,2018,6,5,1,22,2018-22,158.87,160.23,158.7,159.51,1179300,154.12,0.012568858,152.6721429,147.1876,green
2018/6/6,2018,6,6,2,22,2018-22,159,162.53,157.84,162.27,1555000,157.6,0.022591965,152.9564286,147.5162,green
2018/6/7,2018,6,7,3,22,2018-22,160.89,161.27,159.25,159.77,1227000,155.17,-0.015406308,153.0078571,147.8348,green
2018/6/8,2018,6,8,4,22,2018-22,159,160.09,158.38,159.83,1079700,155.23,0.000375544,153.085,148.1924,green
2018/6/11,2018,6,11,0,23,2018-23,159.97,161.25,159.22,160.57,1289000,155.95,0.004629874,153.15,148.523,green
2018/6/12,2018,6,12,1,23,2018-23,160.99,162.92,160.45,161.34,1179000,156.7,0.004795324,153.355,148.911,green
2018/6/13,2018,6,13,2,23,2018-23,162,162.26,160.21,160.47,1048700,155.85,-0.005392255,153.5371429,149.2524,green
2018/6/14,2018,6,14,3,23,2018-23,161.85,162.59,161.17,161.55,1169000,156.9,0.006730111,153.875,149.588,green
2018/6/15,2018,6,15,4,23,2018-23,161.08,161.08,159.03,160.26,2856700,155.65,-0.00798509,154.1528571,149.866,green
2018/6/18,2018,6,18,0,24,2018-24,158.33,158.67,157.57,158.47,972900,153.91,-0.011169331,154.5657143,150.1774,red
2018/6/19,2018,6,19,1,24,2018-24,156.3,156.37,154.81,155.31,1141300,150.84,-0.019940614,154.54,150.4126,red
2018/6/20,2018,6,20,2,24,2018-24,155.51,155.71,154.22,155.02,1173600,150.56,-0.001867204,154.51,150.5892,red
2018/6/21,2018,6,21,3,24,2018-24,155.28,156.39,155.13,155.87,2217100,151.38,0.005483175,154.4328571,150.8226,red
2018/6/22,2018,6,22,4,24,2018-24,156.82,158.98,156.71,158.14,1341000,153.59,0.014563432,154.5321429,151.0554,red
2018/6/25,2018,6,25,0,25,2018-25,157.6,157.6,153.31,154.8,1434500,150.34,-0.021120467,154.2621429,151.2306,red
2018/6/26,2018,6,26,1,25,2018-25,155.01,155.32,153.52,154.19,1026100,149.75,-0.003940664,153.7014286,151.3038,red
2018/6/27,2018,6,27,2,25,2018-25,155.31,157.26,155.03,155.54,1399300,151.06,0.008755378,153.4078571,151.3314,red
2018/6/28,2018,6,28,3,25,2018-25,155.88,156.69,154.35,156.68,1349500,152.17,0.007329287,153.1892857,151.4134,red
2018/6/29,2018,6,29,4,25,2018-25,157.33,159.77,157.15,158.15,1391000,153.6,0.009382137,153.0214286,151.5566,red
2018/7/2,2018,7,2,0,26,2018-26,157,158.7,156.55,158.28,1291900,153.72,0.000822163,152.8085714,151.7192,green
2018/7/3,2018,7,3,1,26,2018-26,158.7,159.47,157.05,157.18,640000,152.65,-0.006949887,152.58,151.8666,green
2018/7/5,2018,7,5,3,26,2018-26,162,163.17,161.07,161.88,1547900,157.22,0.029902167,152.6028571,152.1746,green
2018/7/6,2018,7,6,4,26,2018-26,161.99,165.5,161.52,164.04,1642500,159.32,0.013343175,152.865,152.4672,green
2018/7/9,2018,7,9,0,27,2018-27,165.08,166.29,164.81,164.81,1293700,160.07,0.004693983,153.305,152.6542,green
2018/7/10,2018,7,10,1,27,2018-27,165.11,166.71,164.63,166.47,2150100,161.68,0.010072128,154.0792857,152.9268,green
2018/7/11,2018,7,11,2,27,2018-27,163.18,164.57,162.62,164.06,1518200,159.34,-0.014477107,154.7064286,153.1664,green
2018/7/12,2018,7,12,3,27,2018-27,164.67,166.17,163.09,165.89,1913100,161.11,0.011154536,155.4014286,153.4262,green
2018/7/13,2018,7,13,4,27,2018-27,165.15,167.72,164.81,166.8,1501800,162,0.005485578,156.0021429,153.7436,green
2018/7/16,2018,7,16,0,28,2018-28,168.03,168.54,166.74,167.04,1399500,162.23,0.001438865,156.8514286,154.0348,red
2018/7/17,2018,7,17,1,28,2018-28,167.05,167.49,166.3,166.86,1854200,162.06,-0.00107741,157.7307143,154.2892,red
2018/7/18,2018,7,18,2,28,2018-28,166.23,167.05,164.25,165.03,1641300,160.28,-0.010967542,158.3892857,154.4946,red
2018/7/19,2018,7,19,3,28,2018-28,163.95,165.33,162.69,165.26,1553400,160.5,0.001393654,158.9842857,154.7288,red
2018/7/20,2018,7,20,4,28,2018-28,163.18,166.35,163.15,165.58,1326500,160.81,0.00193646,159.4992857,154.94,red
2018/7/23,2018,7,23,0,29,2018-29,164.42,164.81,161.75,161.9,1745200,157.24,-0.02222497,159.7507143,155.05,green
2018/7/24,2018,7,24,1,29,2018-29,162.62,164,162.41,163.34,1685100,158.64,0.008894384,160.1785714,155.1768,green
2018/7/25,2018,7,25,2,29,2018-29,164.83,166,162.96,165.81,1562100,161.04,0.015121861,160.4514286,155.3358,green
2018/7/26,2018,7,26,3,29,2018-29,162.77,167.39,162.31,166.45,2223000,161.66,0.003859884,160.6185714,155.5046,green
2018/7/27,2018,7,27,4,29,2018-29,166.52,167.93,165.57,166.43,1470800,161.64,-0.000120252,160.7307143,155.665,green
2018/7/30,2018,7,30,0,30,2018-30,166.43,167.85,165,165.34,1268200,160.58,-0.006549234,160.6521429,155.7876,red
2018/7/31,2018,7,31,1,30,2018-30,165.78,167.96,165.58,167.5,1673600,162.68,0.013063948,160.8907143,155.9582,red
2018/8/1,2018,8,1,2,30,2018-30,167.59,167.93,164.65,165.48,1447600,160.72,-0.012059746,160.8628571,156.0718,red
2018/8/2,2018,8,2,3,30,2018-30,164.1,164.52,162.91,163.92,1597600,159.2,-0.009427134,160.6628571,156.1792,red
2018/8/3,2018,8,3,4,30,2018-30,163.13,164.42,163.05,164.21,1050100,160.29,0.006836705,160.5242857,156.319,red
2018/8/6,2018,8,6,0,31,2018-31,154.26,158.8,153.52,157.96,3928400,154.19,-0.038061088,159.9621429,156.3594,red
2018/8/7,2018,8,7,1,31,2018-31,158.97,159.84,156.47,157.03,2552900,153.28,-0.005887541,159.4621429,156.3898,red
2018/8/8,2018,8,8,2,31,2018-31,157.41,157.96,156.49,157.05,1740900,153.3,0.000127222,158.9478571,156.4932,red
2018/8/9,2018,8,9,3,31,2018-31,157,158.25,156.24,157.15,1003300,153.4,0.000636927,158.4185714,156.5372,red
2018/8/10,2018,8,10,4,31,2018-31,155.83,155.83,154.13,154.79,1303700,151.09,-0.015017685,157.9792857,156.5394,red
2018/8/13,2018,8,13,0,32,2018-32,155.49,156,153.59,154.32,1337500,150.64,-0.003036323,157.4078571,156.503,red
2018/8/14,2018,8,14,1,32,2018-32,155.33,155.82,154.51,155.34,1612000,151.63,0.006609575,156.7357143,156.4916,red
2018/8/15,2018,8,15,2,32,2018-32,154.13,154.72,152.52,154.63,1352200,150.94,-0.004570461,155.97,156.428,red
2018/8/16,2018,8,16,3,32,2018-32,155.7,155.94,154.33,154.53,1102400,150.84,-0.000646794,155.1985714,156.2928,red
2018/8/17,2018,8,17,4,32,2018-32,154.16,156.25,154.16,156.04,1662800,152.31,0.009771609,154.6078571,156.2356,red
2018/8/20,2018,8,20,0,33,2018-33,156.64,158.7,156.64,158.29,1161100,154.51,0.014419251,154.0242857,156.2212,green
2018/8/21,2018,8,21,1,33,2018-33,158.54,159.25,157.96,158.32,935200,154.54,0.00018971,153.5828571,156.193,green
2018/8/22,2018,8,22,2,33,2018-33,157.91,158.24,154.93,155.02,1229200,151.32,-0.020843851,153.02,156.0854,green
2018/8/23,2018,8,23,3,33,2018-33,155,155.74,154.09,154.9,840400,151.2,-0.00077424,152.3707143,155.9924,green
2018/8/24,2018,8,24,4,33,2018-33,155.41,156.51,154.52,156.21,708000,152.48,0.008457239,152.2485714,155.904,green
2018/8/27,2018,8,27,0,34,2018-34,156.97,158.24,156.88,158.05,674200,154.28,0.011778906,152.32,155.8766,green
2018/8/28,2018,8,28,1,34,2018-34,158.5,159.1,157.58,158.35,1078100,154.57,0.001898196,152.4107143,155.8898,green
2018/8/29,2018,8,29,2,34,2018-34,158.54,159.66,157.79,159.5,685700,155.69,0.007262302,152.5742857,155.9868,green
2018/8/30,2018,8,30,3,34,2018-34,159.07,159.35,157.26,157.89,805700,154.12,-0.010093976,152.7907143,156.058,green
2018/8/31,2018,8,31,4,34,2018-34,158.15,159.06,157.46,158.19,1057800,154.41,0.00190002,153.06,156.1186,green
2018/9/4,2018,9,4,1,35,2018-35,157.87,157.99,155.12,156.18,1577700,152.45,-0.01270632,153.1185714,156.0958,red
2018/9/5,2018,9,5,2,35,2018-35,155.87,156.96,155.54,156.14,1736100,152.41,-0.00025593,153.2235714,156.1372,red
2018/9/6,2018,9,6,3,35,2018-35,156.53,157.69,155.33,156.67,897600,152.93,0.003394214,153.3728571,156.2008,red
2018/9/7,2018,9,7,4,35,2018-35,156.34,156.37,154.57,155.03,1225600,151.33,-0.01046778,153.3028571,156.2062,red
2018/9/10,2018,9,10,0,36,2018-36,155.8,156.47,155.34,155.87,645300,152.15,0.005418322,153.1342857,156.2058,green
2018/9/11,2018,9,11,1,36,2018-36,155.57,157.44,154.56,157.08,1247500,153.33,0.007762859,153.0478571,156.2004,green
2018/9/12,2018,9,12,2,36,2018-36,156.96,157.69,156.43,156.6,799700,152.86,-0.003055748,153.1578571,156.1832,green
2018/9/13,2018,9,13,3,36,2018-36,158.07,159.33,157.29,159.19,867900,155.39,0.016538902,153.4571429,156.238,green
2018/9/14,2018,9,14,4,36,2018-36,159.68,160.07,156.84,156.99,1675500,153.24,-0.013819893,153.5114286,156.1584,green
2018/9/17,2018,9,17,0,37,2018-37,157.16,159.08,156.97,158.02,1529500,154.25,0.00656089,153.5092857,156.057,green
2018/9/18,2018,9,18,1,37,2018-37,158.58,159.14,157.91,158.17,1104600,154.39,0.00094908,153.4964286,155.9434,green
2018/9/19,2018,9,19,2,37,2018-37,162.75,166.64,162.75,164.37,2689100,160.45,0.03919837,153.8364286,155.9188,green
2018/9/20,2018,9,20,3,37,2018-37,165.37,166.68,163.93,166.21,1624200,162.24,0.011194346,154.4164286,155.9768,green
2018/9/21,2018,9,21,4,37,2018-37,166.97,167.95,165.75,166.5,2323000,162.52,0.001744813,154.9957143,156.005,green
2018/9/24,2018,9,24,0,38,2018-38,165.99,167.25,163.92,164,1609000,160.08,-0.015015006,155.5407143,155.9666,red
2018/9/25,2018,9,25,1,38,2018-38,163.74,164.81,162.88,163.06,1273900,159.17,-0.005731615,156.0235714,155.9054,red
2018/9/26,2018,9,26,2,38,2018-38,162.71,164.27,161.9,162.58,1309300,158.7,-0.002943779,156.4357143,155.8382,red
2018/9/27,2018,9,27,3,38,2018-38,163,163.79,161.94,162.33,1314300,158.45,-0.001537627,156.9442857,155.8016,red
2018/9/28,2018,9,28,4,38,2018-38,160.7,162.14,160.11,160.73,1302400,156.89,-0.009856659,157.2828571,155.7294,red
2018/10/1,2018,10,1,0,39,2018-39,165.58,169.1,165.29,168.87,2329700,164.84,0.050644149,158.105,155.81,green
2018/10/2,2018,10,2,1,39,2018-39,166.26,169.26,165.43,169.03,1652300,164.99,0.000947345,158.9714286,155.965,green
2018/10/3,2018,10,3,2,39,2018-39,169.75,169.75,167.18,167.57,950500,163.57,-0.00863752,159.5557143,156.0636,green
2018/10/4,2018,10,4,3,39,2018-39,166.82,167,163.38,165.83,1720100,161.87,-0.010383818,160.1721429,156.0802,green
2018/10/5,2018,10,5,4,39,2018-39,164.15,165.74,163.65,164.24,1538700,160.32,-0.009588108,160.6057143,156.0534,green
2018/10/8,2018,10,8,0,40,2018-40,163.49,164.91,162.87,164.31,1109000,160.39,0.000426302,161.0342857,156.0284,red
2018/10/9,2018,10,9,1,40,2018-40,162.9,163.74,161,161.18,1510400,157.33,-0.019049456,160.8114286,155.9634,red
2018/10/10,2018,10,10,2,40,2018-40,161.21,161.6,157.94,158.01,2222200,154.24,-0.019667278,160.24,155.7946,red
2018/10/11,2018,10,11,3,40,2018-40,157.93,158.21,153.77,154.26,1977000,150.58,-0.023732758,159.3871429,155.5918,red
2018/10/12,2018,10,12,4,40,2018-40,156.82,157.78,155.33,156.24,1840700,152.51,0.012835468,158.8464286,155.458,red
2018/10/15,2018,10,15,0,41,2018-41,156.61,159.29,155.99,156.79,2161500,153.05,0.003520107,158.4092857,155.3132,green
2018/10/16,2018,10,16,1,41,2018-41,157.72,160.84,157.22,160.67,1297500,156.83,0.024746539,158.2757143,155.366,green
2018/10/17,2018,10,17,2,41,2018-41,161.7,162.25,159.09,159.79,1540700,155.97,-0.005477095,158.0985714,155.4198,green
2018/10/18,2018,10,18,3,41,2018-41,167.08,167.52,159.48,161.36,3739600,157.51,0.009825412,158.1428571,155.504,green
2018/10/19,2018,10,19,4,41,2018-41,161.46,163.06,159.29,159.85,3012000,156.03,-0.009357709,157.5135714,155.5566,green
2018/10/22,2018,10,22,0,42,2018-42,165.23,168.95,160.52,166.88,7591100,162.9,0.043978645,157.3642857,155.7928,green
2018/10/23,2018,10,23,1,42,2018-42,164.84,165.94,161.6,164.17,4959200,160.25,-0.016239301,157.1271429,155.985,green
2018/10/24,2018,10,24,2,42,2018-42,161.74,164,160.78,161.23,5610900,157.38,-0.017908319,156.8064286,156.1,green
2018/10/25,2018,10,25,3,42,2018-42,162.76,166.36,162.43,165,5105400,161.06,0.023382789,156.8592857,156.3024,green
2018/10/26,2018,10,26,4,42,2018-42,163.71,167.11,163.44,164.94,35352000,161,-0.000363516,156.9028571,156.5056,green
2018/10/29,2018,10,29,0,43,2018-43,166.22,169.16,164.59,165.49,14032500,161.54,0.003334528,157.2035714,156.6902,red
2018/10/30,2018,10,30,1,43,2018-43,166.11,167.67,162.74,164.5,57375600,160.57,-0.005982373,157.6557143,156.8114,red
2018/10/31,2018,10,31,2,43,2018-43,161.74,165.6,161.31,165.47,18032200,161.52,0.005896647,158.4371429,156.951,red
2018/11/1,2018,11,1,3,43,2018-43,164.66,165.48,161.94,162,11423500,158.13,-0.020970457,158.8385714,157.0872,red
2018/11/2,2018,11,2,4,43,2018-43,160.66,161.81,155.44,159.84,6835100,156.02,-0.013333441,159.0507143,157.1836,red
2018/11/5,2018,11,5,0,44,2018-44,157.65,162.19,157.45,161.99,4477400,158.12,0.013451034,159.1428571,157.2964,green
2018/11/6,2018,11,6,1,44,2018-44,161.83,166.35,161.67,165.53,2510600,161.58,0.021853183,159.5435714,157.4424,green
2018/11/7,2018,11,7,2,44,2018-44,164.54,166.85,164.23,166.85,7626300,162.87,0.007974382,159.9264286,157.6084,green
2018/11/8,2018,11,8,3,44,2018-44,164.5,166.15,162.93,165.3,4010000,161.35,-0.009289742,160.3064286,157.7216,green
2018/11/9,2018,11,9,4,44,2018-44,162.99,163.94,160.55,161.52,3249100,157.66,-0.022867581,159.9321429,157.7924,green
2018/11/12,2018,11,12,0,45,2018-45,160.06,162.3,158.91,159.22,1990800,155.42,-0.014239641,159.5871429,157.8126,red
2018/11/13,2018,11,13,1,45,2018-45,160.22,160.33,156.53,156.93,2507100,153.18,-0.014382798,159.2871429,157.8272,red
2018/11/14,2018,11,14,2,45,2018-45,158.19,158.24,153,153.36,2338700,149.7,-0.022748868,158.4757143,157.773,red
2018/11/15,2018,11,15,3,45,2018-45,156.09,156.3,152.56,155.18,2759400,151.47,0.011867333,157.795,157.7438,red
2018/11/16,2018,11,16,4,45,2018-45,153.74,158.46,153.4,158.08,2726800,154.31,0.01868802,157.2785714,157.8034,red
2018/11/19,2018,11,19,0,46,2018-46,158.61,161.45,158.44,159.5,2464700,155.69,0.008982878,156.93,157.8742,red
2018/11/20,2018,11,20,1,46,2018-46,157.49,160.19,157.24,157.87,2151600,154.1,-0.010219425,156.4,157.8896,red
2018/11/21,2018,11,21,2,46,2018-46,159.24,161.24,158.55,159.06,2070900,155.26,0.00753787,156.195,157.9376,red
2018/11/23,2018,11,23,4,46,2018-46,156.86,158.01,156.02,156.19,963600,152.46,-0.018043461,155.9407143,157.879,red
2018/11/26,2018,11,26,0,47,2018-47,157.04,158.22,156.88,157.32,2678200,153.56,0.007234728,155.615,157.8854,green
2018/11/27,2018,11,27,1,47,2018-47,155.66,156.65,151.52,152.55,2525900,148.91,-0.030320287,154.71,157.7786,green
2018/11/28,2018,11,28,2,47,2018-47,153.53,156.48,151.7,156.29,1808800,152.56,0.024516404,153.9735714,157.742,green
2018/11/29,2018,11,29,3,47,2018-47,155.51,159.84,155.35,159.31,2901300,155.51,0.019323141,153.5564286,157.6432,green
2018/11/30,2018,11,30,4,47,2018-47,157.02,160.61,156.94,159.05,3944100,155.25,-0.001632085,153.3842857,157.5034,green
2018/12/3,2018,12,3,0,48,2018-48,162.3,164.42,159.92,164.35,3177200,160.43,0.033322899,153.7421429,157.4616,red
2018/12/4,2018,12,4,1,48,2018-48,163.95,164.29,160.45,160.83,2746100,156.99,-0.021417634,154.0142857,157.3998,red
2018/12/6,2018,12,6,3,48,2018-48,158.53,159.02,153,155.98,4785400,152.26,-0.030156111,154.1971429,157.2616,red
2018/12/7,2018,12,7,4,48,2018-48,156.22,158.52,152.36,152.72,2518700,149.07,-0.020900191,154.0257143,157.069,red
2018/12/10,2018,12,10,0,49,2018-49,156.03,157.54,154.11,156.91,2540400,153.16,0.027435884,153.9435714,156.9632,green
2018/12/11,2018,12,11,1,49,2018-49,161.16,162.46,156.65,157.46,2552900,153.7,0.003505176,153.8014286,156.8994,green
2018/12/12,2018,12,12,2,49,2018-49,161.65,162.14,159.46,160.55,2402600,156.72,0.019624119,153.9885714,156.737,green
2018/12/13,2018,12,13,3,49,2018-49,160.4,161.3,157.3,158.09,2456700,154.32,-0.015322402,153.9214286,156.5236,green
2018/12/14,2018,12,14,4,49,2018-49,157.38,158.47,156.05,156.93,2360800,153.18,-0.007337727,153.9728571,156.3158,green
2018/12/17,2018,12,17,0,50,2018-50,157.19,159.44,155.59,157.33,3148600,154.39,0.007847491,154.0321429,156.1662,red
2018/12/18,2018,12,18,1,50,2018-50,158.42,158.89,156.63,157.61,2147000,154.66,0.001779638,154.4428571,156.053,red
2018/12/19,2018,12,19,2,50,2018-50,157.4,158.5,155.21,155.83,2618700,152.91,-0.011293641,154.4678571,155.9034,red
2018/12/20,2018,12,20,3,50,2018-50,154.48,156.4,152.44,154.05,3398900,151.17,-0.011422744,154.1578571,155.7802,red
2018/12/21,2018,12,21,4,50,2018-50,156.01,157.48,153.03,153.11,5452000,150.24,-0.006101939,153.8,155.7002,red
2018/12/24,2018,12,24,0,51,2018-51,152.7,153.41,148.13,148.13,2086800,145.36,-0.032525695,152.7235714,155.5958,green
2018/12/26,2018,12,26,2,51,2018-51,148.75,152.77,145.95,152.74,2591500,149.88,0.031121528,152.2157143,155.5432,green
2018/12/27,2018,12,27,3,51,2018-51,152.05,156.41,150.6,156.41,2867000,153.48,0.024027633,152.3028571,155.5518,green
2018/12/28,2018,12,28,4,51,2018-51,157.1,158.56,155.04,156.31,1586100,153.38,-0.000639451,152.6107143,155.4828,green
2018/12/31,2018,12,31,0,52,2018-52,156.23,157,153.94,156.04,1853900,153.12,-0.001727385,152.6078571,155.4258,red
2019/1/2,2019,1,2,2,0,2019-00,153.53,158.16,153.52,157.2,1716400,154.26,0.007434111,152.6478571,155.3608,green
2019/1/3,2019,1,3,3,0,2019-00,154.06,154.35,151.93,152.29,1775500,149.44,-0.03123422,152.1278571,155.229,green
2019/1/4,2019,1,4,4,0,2019-00,153.83,157.62,153.36,156.63,1801300,153.7,0.028498422,152.0835714,155.045,green
2019/1/7,2019,1,7,0,1,1??-19,155.78,158.04,155.15,156.49,1830200,153.56,-0.000893895,152.1107143,154.9112,green
2019/1/8,2019,1,8,1,1,1??-19,156.09,158.56,155.2,158.15,2207300,155.19,0.01060776,152.1678571,154.8674,green
2019/1/9,2019,1,9,2,1,1??-19,156.73,159.53,156.33,158.46,2099900,155.49,0.001960175,152.2271429,154.756,green
2019/1/10,2019,1,10,3,1,1??-19,158.7,161.98,158.35,161.85,2093900,158.82,0.021393451,152.6492857,154.7124,green
2019/1/11,2019,1,11,4,1,1??-19,160.56,160.76,159.37,160.21,1380400,157.21,-0.010132811,153.0807143,154.6258,green
2019/1/14,2019,1,14,0,2,2??-19,158.37,159.5,157.7,158.02,2004800,155.06,-0.013669615,153.425,154.5156,red
2019/1/15,2019,1,15,1,2,2??-19,156.84,157.87,156.54,157.23,2110700,154.29,-0.004999331,154.0628571,154.371,red
2019/1/16,2019,1,16,2,2,2??-19,157.53,158.42,157.08,157.24,1382100,154.3,6.36E-05,154.3785714,154.2944,red
2019/1/17,2019,1,17,3,2,2??-19,156.4,157.65,156.21,157.26,2176500,154.32,0.000127176,154.4385714,154.2604,red
2019/1/18,2019,1,18,4,2,2??-19,158.76,161.45,158.01,160.79,2494800,157.78,0.022446912,154.7528571,154.2536,red
2019/1/22,2019,1,22,1,3,3??-19,161.61,161.78,159.69,160.84,1699100,157.83,0.00031092,155.0892857,154.1786,red
2019/1/23,2019,1,23,2,3,3??-19,160.57,161.09,157.46,158.93,1569500,155.96,-0.011875175,155.2107143,154.0404,red
2019/1/24,2019,1,24,3,3,3??-19,157.61,157.91,156.43,157.37,2528000,154.42,-0.00981559,155.5664286,153.9018,red
2019/1/25,2019,1,25,4,3,3??-19,158.69,160.11,158.64,158.84,1242700,155.87,0.009340974,155.7214286,153.866,red
2019/1/28,2019,1,28,0,4,4??-19,157.78,158.39,156.88,158.21,1422500,155.25,-0.00396617,155.8421429,153.8626,green
2019/1/29,2019,1,29,1,4,4??-19,159.57,162,159.35,161.22,1558300,158.2,0.01902534,156.0571429,153.963,green
2019/1/30,2019,1,30,2,4,4??-19,161.79,163.75,161.16,162.92,1113500,159.87,0.010544612,156.37,154.1664,green
2019/1/31,2019,1,31,3,4,4??-19,161.18,163.42,159.63,163.01,1645900,159.96,0.000552338,156.4514286,154.3362,green
2019/2/1,2019,2,1,4,4,4??-19,163.91,165.9,163.46,165.76,1324300,162.66,0.016870071,156.8407143,154.5032,green
2019/2/4,2019,2,4,0,5,5??-19,165.48,165.69,163.22,163.5,2106500,160.44,-0.013634071,157.225,154.5982,red
2019/2/5,2019,2,5,1,5,5??-19,165.26,165.99,163.8,164.99,2358600,161.9,0.00911316,157.7685714,154.7542,red
2019/2/6,2019,2,6,2,5,5??-19,163.95,164.62,163.04,163.42,1124800,160.36,-0.009515763,158.2014286,154.8562,red
2019/2/7,2019,2,7,3,5,5??-19,161.75,162.24,159.43,160.69,1361000,157.68,-0.016705475,158.4414286,154.9606,red
2019/2/8,2019,2,8,4,5,5??-19,160.07,161.61,159.08,161.22,1557900,158.2,0.003298379,158.4714286,155.0534,red
2019/2/11,2019,2,11,0,6,6??-19,161.06,161.62,160.63,161.35,1128400,158.33,0.000806428,158.5071429,155.2418,green
2019/2/12,2019,2,12,1,6,6??-19,164.13,167.55,163.89,167.53,1772000,164.39,0.03830167,159.1092857,155.4784,green
2019/2/13,2019,2,13,2,6,6??-19,167.09,168.49,166.79,167.38,1599300,164.25,-0.000895325,159.8114286,155.6532,green
2019/2/14,2019,2,14,3,6,6??-19,166.65,167.6,165.93,166.5,1104100,163.38,-0.005257479,160.3478571,155.8158,green
2019/2/15,2019,2,15,4,6,6??-19,170.54,170.71,167.77,168.54,2573600,165.39,0.012252157,161.0721429,155.915,green
2019/2/19,2019,2,19,1,7,7??-19,168,168.78,167.56,167.86,2221200,164.72,-0.004034527,161.5378571,156.0696,green
2019/2/20,2019,2,20,2,7,7??-19,167.59,171.01,167.59,170.3,2574800,167.11,0.014535946,162.055,156.3666,green
2019/2/21,2019,2,21,3,7,7??-19,170.98,172.3,170.54,171.4,1736500,168.19,0.006459075,162.6428571,156.749,green
2019/2/22,2019,2,22,4,7,7??-19,172.24,173.74,171.55,173.5,1075700,170.25,0.012252172,163.185,157.0908,green
2019/2/25,2019,2,25,0,8,8??-19,173.89,175.01,173.39,174.62,1526800,171.35,0.006455202,163.9642857,157.4438,red
2019/2/26,2019,2,26,1,8,8??-19,173.79,174.89,173.45,173.91,1739200,170.65,-0.004065917,164.5892857,157.7224,red
2019/2/27,2019,2,27,2,8,8??-19,173.4,175.12,172.63,174.5,1451800,171.23,0.003392515,165.3657143,158.0606,red
2019/2/28,2019,2,28,3,8,8??-19,174.81,174.93,173.1,173.24,1698300,170,-0.007220653,166.2457143,158.397,red
2019/3/1,2019,3,1,4,8,8??-19,176.36,176.73,167.86,168.38,3033500,165.23,-0.028053453,166.7478571,158.6138,red
2019/3/4,2019,3,4,0,9,9??-19,168.35,168.91,166.07,168.7,1738100,165.54,0.001900372,167.2628571,158.8314,green
2019/3/5,2019,3,5,1,9,9??-19,168.35,169.94,168.35,168.44,1205900,165.29,-0.001541158,167.3271429,159.079,green
2019/3/6,2019,3,6,2,9,9??-19,168.84,169.68,168.21,169.13,986800,165.96,0.004096374,167.4492857,159.3748,green
2019/3/7,2019,3,7,3,9,9??-19,169.36,169.36,166.82,167.47,1450100,165.19,-0.004665414,167.5785714,159.6738,green
2019/3/8,2019,3,8,4,9,9??-19,168.75,169.52,167.76,169.46,1558400,167.15,0.011882717,167.7042857,160.1096,green
2019/3/11,2019,3,11,0,10,10??-19,169.48,171.31,169.42,171.28,1188800,168.95,0.010739847,168.0064286,160.491,green
2019/3/12,2019,3,12,1,10,10??-19,171.78,172.9,171.39,172.32,1309200,169.97,0.006072064,168.2107143,160.8208,green
2019/3/13,2019,3,13,2,10,10??-19,174.01,175.51,173.64,174.39,1538500,172.02,0.012012482,168.4842857,161.1936,green
2019/3/14,2019,3,14,3,10,10??-19,174.25,174.44,173.17,174.21,1033200,171.84,-0.001032092,168.5978571,161.568,green
2019/3/15,2019,3,15,4,10,10??-19,176.28,176.96,174.43,176.43,3661400,174.03,0.01274305,168.7892857,161.9634,green
2019/3/18,2019,3,18,0,11,11??-19,174.75,174.95,173.43,174.55,1220400,172.17,-0.010655674,168.8978571,162.418,red
2019/3/19,2019,3,19,1,11,11??-19,175.35,175.79,172.62,173.58,1251600,171.22,-0.005557196,168.8971429,162.7684,red
2019/3/20,2019,3,20,2,11,11??-19,175.35,176.87,174.36,176.63,1536400,174.23,0.017571287,169.1992857,163.1818,red
2019/3/21,2019,3,21,3,11,11??-19,174.34,175.83,173.7,175.1,1146300,172.72,-0.008662266,169.7342857,163.5324,red
2019/3/22,2019,3,22,4,11,11??-19,172.1,172.76,169.19,169.86,1384000,167.55,-0.029925731,169.8778571,163.7736,red
2019/3/25,2019,3,25,0,12,12??-19,170.97,171.92,169.56,170,1349700,167.69,0.000824197,170.0492857,163.951,green
2019/3/26,2019,3,26,1,12,12??-19,170.89,171.3,169.69,170.98,1408100,168.65,0.005764716,170.2414286,164.1798,green
2019/3/27,2019,3,27,2,12,12??-19,169.46,170.05,168.69,169.48,1821400,167.17,-0.008772989,170.3828571,164.422,green
2019/3/28,2019,3,28,3,12,12??-19,170.96,173.85,170.73,173.7,1892500,171.34,0.024899633,170.6821429,164.763,green
2019/3/29,2019,3,29,4,12,12??-19,175.35,176.1,173.88,175.93,2158100,173.53,0.012838265,171.0092857,165.1476,green
2019/4/1,2019,4,1,0,13,2019-13,176.84,178.18,176,176.58,1791900,174.18,0.0036947,171.31,165.5448,green
2019/4/2,2019,4,2,1,13,2019-13,177.33,178.18,176.69,178.02,1179700,175.6,0.008154943,171.5657143,165.9012,green
2019/4/3,2019,4,3,2,13,2019-13,181.15,184.53,180.63,182.74,2379600,180.25,0.026514001,172.1664286,166.3496,green
2019/4/4,2019,4,4,3,13,2019-13,183.57,184.04,182.42,183.9,1471400,181.4,0.006347582,172.6928571,166.8584,green
2019/4/5,2019,4,5,4,13,2019-13,184.59,185.43,183.98,184.62,1403400,182.11,0.003915213,173.4028571,167.4122,green
2019/4/8,2019,4,8,0,14,2019-14,185.9,185.92,184.15,184.84,1138500,182.32,0.001191752,174.1957143,167.9412,red
2019/4/9,2019,4,9,1,14,2019-14,185.05,185.05,182.75,182.9,1388200,180.41,-0.010495656,174.6371429,168.4444,red
2019/4/10,2019,4,10,2,14,2019-14,183.39,183.59,179.82,181.02,2443700,178.56,-0.010278819,175.0542857,168.8516,red
2019/4/11,2019,4,11,3,14,2019-14,181.68,181.81,179.77,179.85,1916400,177.4,-0.006463357,175.7578571,169.2022,red
2019/4/12,2019,4,12,4,14,2019-14,180.8,181.13,180.14,180.35,1914500,177.89,0.002780105,176.4864286,169.5608,red
2019/4/15,2019,4,15,0,15,2019-15,180.14,180.43,179.14,180.14,1448000,177.69,-0.001164386,177.1321429,169.8614,red
2019/4/16,2019,4,16,1,15,2019-15,180.08,180.68,178.8,180.62,1749700,178.16,0.002664594,177.9171429,170.2158,red
2019/4/17,2019,4,17,2,15,2019-15,180.64,181.86,179.4,179.91,1663300,177.46,-0.003930813,178.3542857,170.527,red
2019/4/18,2019,4,18,3,15,2019-15,180.12,180.79,179.67,180.4,1547300,177.94,0.002723374,178.6692857,170.8786,red
2019/4/22,2019,4,22,0,16,2019-16,179.85,180.8,178.83,178.9,1002100,176.46,-0.008314888,178.8321429,171.2542,red
2019/4/23,2019,4,23,1,16,2019-16,178.65,179.72,178.55,179.33,1796500,176.89,0.00240368,178.9242857,171.628,red
2019/4/24,2019,4,24,2,16,2019-16,179.01,179.51,177.51,177.62,1780200,175.2,-0.009535508,178.5635714,171.9654,red
2019/4/25,2019,4,25,3,16,2019-16,176.22,176.75,174.92,176.28,2229900,173.88,-0.00754414,178.0264286,172.1552,red
2019/4/26,2019,4,26,4,16,2019-16,175.44,178.26,175.37,178.26,1483900,175.83,0.011231986,177.5778571,172.3868,red
2019/4/29,2019,4,29,0,17,2019-17,176.79,178.26,176.49,177.1,1195400,174.69,-0.00650711,177.0328571,172.613,green
2019/4/30,2019,4,30,1,17,2019-17,177.87,180.56,177.39,180.26,1404200,177.81,0.017842913,176.8471429,172.8614,green
2019/5/1,2019,5,1,2,17,2019-17,179.89,181.2,178.01,178.29,1018300,175.86,-0.010928727,176.6542857,173.0842,green
2019/5/2,2019,5,2,3,17,2019-17,177.93,180.49,177.27,180.49,1691000,178.03,0.012339511,176.6992857,173.3026,green
2019/5/3,2019,5,3,4,17,2019-17,179.68,181.47,179.24,180.96,1248900,178.5,0.002604145,176.7428571,173.5088,green
2019/5/6,2019,5,6,0,18,2019-18,177.83,179.33,177.81,178.63,1407000,176.2,-0.012875861,176.6364286,173.6278,red
2019/5/7,2019,5,7,1,18,2019-18,176.58,176.87,172.91,174.57,2049600,172.19,-0.022728487,176.21,173.6446,red
2019/5/8,2019,5,8,2,18,2019-18,174.43,177.53,174.24,176.54,1264600,174.14,0.011284764,175.9728571,173.7144,red
2019/5/9,2019,5,9,3,18,2019-18,173.2,174.71,171.6,173.35,1999500,170.99,-0.018069508,175.4764286,173.7096,red
2019/5/10,2019,5,10,4,18,2019-18,174.63,182.22,174.27,181.59,2511800,179.12,0.047533838,175.6664286,173.892,red
2019/5/13,2019,5,13,0,19,2019-19,179.74,181.01,177.82,180.68,2328500,178.22,-0.00501139,175.7614286,174.1518,green
2019/5/14,2019,5,14,1,19,2019-19,180.31,182.36,179.78,180.92,2029300,178.46,0.001328444,175.9942857,174.4102,green
2019/5/15,2019,5,15,2,19,2019-19,178.57,182.37,178.32,180.86,1184200,178.4,-0.00033167,176.3171429,174.6724,green
2019/5/16,2019,5,16,3,19,2019-19,185.09,188.97,184.5,187.65,1866600,185.1,0.037542841,176.9792857,175.0552,green
2019/5/17,2019,5,17,4,19,2019-19,188.19,189.45,186.89,189,1737900,186.43,0.007194321,177.8178571,175.48,green
2019/5/20,2019,5,20,0,20,2019-20,186,187.17,184.65,185.26,1383700,182.74,-0.019788469,178.17,175.7918,red
2019/5/21,2019,5,21,1,20,2019-20,186.76,187.44,186.15,187.27,1051500,184.72,0.010849705,178.8028571,176.1072,red
2019/5/22,2019,5,22,2,20,2019-20,187.87,189.72,187.18,188.24,1334800,185.68,0.00517965,179.3492857,176.4214,red
2019/5/23,2019,5,23,3,20,2019-20,185.89,187.04,184.47,185.08,1318500,182.56,-0.016787058,179.6392857,176.6322,red
2019/5/24,2019,5,24,4,20,2019-20,187.37,188.15,185.85,187.86,1025300,185.3,0.015020561,180.2892857,176.9014,red
2019/5/28,2019,5,28,1,21,2019-21,186.94,187.78,183.73,184.31,1483100,181.8,-0.018897104,180.9757143,177.0568,red
2019/5/29,2019,5,29,2,21,2019-21,181.46,183.13,181.21,183.01,1405400,180.52,-0.007053344,181.4314286,177.2238,red
2019/5/30,2019,5,30,3,21,2019-21,182.92,184.21,182.77,183.41,1042000,180.91,0.002185715,182.14,177.4176,red
2019/5/31,2019,5,31,4,21,2019-21,180.3,181.41,179.87,180.55,1757200,178.95,-0.010874545,182.1278571,177.512,red
2019/6/3,2019,6,3,0,22,2019-22,181.47,187.41,181.2,187.28,2882600,185.62,0.037274907,182.6564286,177.77,green
2019/6/4,2019,6,4,1,22,2019-22,187.81,191.35,185.68,191.35,3115200,189.65,0.021732141,183.4557143,178.212,green
2019/6/5,2019,6,5,2,22,2019-22,191.35,192.8,190.49,192.75,3708800,191.04,0.007316429,184.3585714,178.679,green
2019/6/6,2019,6,6,3,22,2019-22,194.31,198.06,193.69,197.35,3468200,195.6,0.023865213,185.1085714,179.218,green
2019/6/7,2019,6,7,4,22,2019-22,200.15,201.11,197.63,200.05,3613300,198.27,0.013681212,185.9542857,179.84,green
2019/6/10,2019,6,10,0,23,2019-23,200.12,202,198.23,200.42,1197400,198.64,0.00184955,187.09,180.386,green
2019/6/11,2019,6,11,1,23,2019-23,201.2,201.82,199.72,200.79,1720000,199.01,0.001846058,188.1107143,180.8956,green
2019/6/12,2019,6,12,2,23,2019-23,201.58,202.28,200.97,201.69,1956300,199.9,0.004482351,189.1264286,181.41,green
2019/6/13,2019,6,13,3,23,2019-23,203.48,203.89,201.64,202.74,2855100,200.94,0.005206061,190.4392857,181.9168,green
2019/6/14,2019,6,14,4,23,2019-23,202.66,203.23,201.43,202.71,1524000,200.91,-0.000148002,191.5542857,182.33,green
2019/6/17,2019,6,17,0,24,2019-24,202.93,203.61,201.04,201.26,1757200,199.47,-0.007153169,192.8164286,182.6914,red
2019/6/18,2019,6,18,1,24,2019-24,204.18,204.76,202.71,204.02,2006900,202.21,0.013713679,194.3657143,183.0934,red
2019/6/19,2019,6,19,2,24,2019-24,202.24,202.47,199.14,200.59,1944700,198.81,-0.016812079,195.6442857,183.4232,red
2019/6/20,2019,6,20,3,24,2019-24,203.65,203.71,201.5,202.34,1703300,200.54,0.008724197,197.1864286,183.8258,red
2019/6/21,2019,6,21,4,24,2019-24,202.64,202.99,202.03,202.13,3770300,200.33,-0.001037837,198.2371429,184.2612,red
2019/6/24,2019,6,24,0,25,2019-25,202.49,203.87,202.03,203.38,1092500,201.57,0.006184212,199.0885714,184.7446,red
2019/6/25,2019,6,25,1,25,2019-25,204.32,204.32,202.71,202.8,1118800,201,-0.002851796,199.8,185.2068,red
2019/6/26,2019,6,26,2,25,2019-25,202.05,202.31,200.56,200.6,1369900,198.82,-0.010848126,200.03,185.6294,red
2019/6/27,2019,6,27,3,25,2019-25,198.7,199.95,198.46,199.53,1532100,197.76,-0.005334045,199.9935714,186.0214,red
2019/6/28,2019,6,28,4,25,2019-25,199.6,201.72,199.12,200.8,6440600,199.02,0.006364949,200.0207143,186.4526,red
2019/7/1,2019,7,1,0,26,2019-26,203.02,203.19,201.51,203,1113300,201.2,0.010956252,200.1771429,186.9178,green
2019/7/2,2019,7,2,1,26,2019-26,202.01,203.97,201.53,203.54,1722400,201.73,0.002659949,200.3078571,187.4232,green
2019/7/3,2019,7,3,2,26,2019-26,202,203.61,201.71,203.61,939500,201.8,0.000344007,200.3692857,187.9214,green
2019/7/5,2019,7,5,4,26,2019-26,201.1,203.17,200.1,202.43,1741300,200.63,-0.005795447,200.3492857,188.43,green
2019/7/8,2019,7,8,0,27,2019-27,201.05,203.64,200.88,201.67,1277100,199.88,-0.003754402,200.3785714,188.95,red
2019/7/9,2019,7,9,1,27,2019-27,202.42,202.61,200.71,200.97,1160700,199.18,-0.003470976,200.1621429,189.417,red
2019/7/10,2019,7,10,2,27,2019-27,202.08,202.65,201.46,201.77,1062000,199.98,0.003980777,200.2457143,189.9228,red
2019/7/11,2019,7,11,3,27,2019-27,201.44,203.06,201.03,202.81,1225200,201.01,0.005154247,200.2792857,190.3868,red
2019/7/12,2019,7,12,4,27,2019-27,203.76,204.72,202.98,203.98,1027600,202.17,0.005768965,200.4107143,190.913,red
2019/7/15,2019,7,15,0,28,2019-28,204.19,205.1,203.71,204.07,869000,202.26,0.000441308,200.46,191.3976,red
2019/7/16,2019,7,16,1,28,2019-28,204.13,205.55,202.45,202.59,1073700,200.79,-0.00725246,200.445,191.8434,red
2019/7/17,2019,7,17,2,28,2019-28,203.54,203.85,201.76,201.82,986700,200.03,-0.003800681,200.5314286,192.32,red
2019/7/18,2019,7,18,3,28,2019-28,202.8,203.68,201.82,203.64,1067500,201.83,0.009017889,200.8221429,192.9128,red
2019/7/19,2019,7,19,4,28,2019-28,202.99,204.61,202.63,203.38,1228300,201.57,-0.001276767,201.0042857,193.4614,red
2019/7/22,2019,7,22,0,29,2019-29,204.59,204.99,203.17,203.58,653400,201.77,0.000983326,201.045,194.077,red
2019/7/23,2019,7,23,1,29,2019-29,204.83,206.82,204.19,206.82,1064800,204.98,0.015915136,201.2771429,194.5942,red
2019/7/24,2019,7,24,2,29,2019-29,204.06,204.19,202.2,202.75,1102800,200.95,-0.019678926,201.2164286,195.0488,red
2019/7/25,2019,7,25,3,29,2019-29,200.39,200.68,196.53,199.89,2084900,198.11,-0.014106087,201.0364286,195.4418,red
2019/7/26,2019,7,26,4,29,2019-29,199.43,201.15,199.32,200.96,1191200,199.17,0.005352991,200.9857143,195.8572,red
2019/7/29,2019,7,29,0,30,2019-30,199.77,200.21,199.25,199.77,1468200,197.99,-0.00592159,200.9007143,196.115,red
2019/7/30,2019,7,30,1,30,2019-30,195.81,197.79,195.75,196.5,2466300,194.75,-0.016368871,200.5271429,196.2814,red
2019/7/31,2019,7,31,2,30,2019-30,195.91,196.19,188.99,191.28,4160900,189.58,-0.02656481,199.7107143,196.4182,red
2019/8/1,2019,8,1,3,30,2019-30,189.61,193.5,189.16,190.42,3762800,188.73,-0.004496097,198.7507143,196.4984,red
2019/8/2,2019,8,2,4,30,2019-30,188.78,189.05,185.83,187.71,2555200,186.04,-0.01423167,197.5921429,196.5056,red
2019/8/5,2019,8,5,0,31,2019-31,190,193.09,189.22,190.63,3074800,188.94,0.015555942,196.7457143,196.6332,green
2019/8/6,2019,8,6,1,31,2019-31,190.3,190.33,185.9,188.76,2352000,187.08,-0.009809635,195.8207143,196.6688,green
2019/8/7,2019,8,7,2,31,2019-31,187.05,191.41,186.62,190.78,2078900,189.08,0.010701474,194.91,196.8144,green
2019/8/8,2019,8,8,3,31,2019-31,190.48,193.43,190,192.61,1927100,190.9,0.009592188,194.1478571,197.022,green
2019/8/9,2019,8,9,4,31,2019-31,189.93,192.8,189.72,191.97,1600200,190.26,-0.00332275,193.3257143,197.209,green
2019/8/12,2019,8,12,0,32,2019-32,193.02,194.64,192.01,192.2,1621600,190.49,0.001198077,192.2907143,197.4398,red
2019/8/13,2019,8,13,1,32,2019-32,192.13,195.61,191.5,192.9,1678700,191.19,0.003641996,191.5935714,197.5512,red
2019/8/14,2019,8,14,2,32,2019-32,188.8,190.32,185.49,185.64,2441100,183.99,-0.03763605,190.585,197.438,red
2019/8/15,2019,8,15,3,32,2019-32,185.71,187.49,185.07,186.64,1508300,184.98,0.0053868,189.5714286,197.3168,red
2019/8/16,2019,8,16,4,32,2019-32,186.68,189.13,186.56,188.79,1198900,187.11,0.011519394,188.7942857,197.147,red
2019/8/19,2019,8,19,0,33,2019-33,189.24,190.33,188.31,189.11,1232100,187.43,0.001695073,188.2714286,196.9302,red
2019/8/20,2019,8,20,1,33,2019-33,188.23,189,186.3,187.69,1364200,186.02,-0.007508844,188.0171429,196.6778,red
2019/8/21,2019,8,21,2,33,2019-33,189.31,189.95,188.61,188.74,1074700,187.06,0.005594387,187.8978571,196.4388,red
2019/8/22,2019,8,22,3,33,2019-33,188.55,189,186.61,187.13,1446700,185.47,-0.008530224,187.8571429,196.1502,red
2019/8/23,2019,8,23,4,33,2019-33,185.64,187.36,181.6,184.26,2119700,182.62,-0.015337018,187.4057143,195.7838,red
2019/8/26,2019,8,26,0,34,2019-34,185.25,185.44,183.83,184.92,1226800,183.28,0.003581862,187.1342857,195.4312,green
2019/8/27,2019,8,27,1,34,2019-34,186.1,186.4,184.37,184.74,1477100,183.1,-0.000973339,186.7071429,195.1038,green
2019/8/28,2019,8,28,2,34,2019-34,184.69,185.93,183.86,184.97,1122700,183.33,0.001244965,186.1664286,194.7262,green
2019/8/29,2019,8,29,3,34,2019-34,188.14,188.44,187.07,187.66,1458900,185.99,0.014542876,185.8614286,194.4698,green
2019/8/30,2019,8,30,4,34,2019-34,188.5,189.24,187.41,188.91,1686800,188.11,0.011376794,185.6914286,194.2212,green
2019/9/3,2019,9,3,1,35,2019-35,187.27,188.14,186.2,187.23,1370200,186.44,-0.008893181,185.3521429,193.9434,red
2019/9/4,2019,9,4,2,35,2019-35,188.04,188.9,186.51,187.56,1210400,186.76,0.001762529,185.55,193.6472,red
2019/9/5,2019,9,5,3,35,2019-35,188.7,189.5,187.1,187.1,1911200,186.31,-0.002452496,185.645,193.3534,red
2019/9/6,2019,9,6,4,35,2019-35,188.52,190.3,187.97,189.52,1066700,188.72,0.012934247,185.76,193.1514,red
2019/9/9,2019,9,9,0,36,2019-36,188.1,188.44,185.03,185.21,2862300,184.42,-0.022741614,185.545,192.8846,green
2019/9/10,2019,9,10,1,36,2019-36,184.11,185.72,183.26,185.72,1788900,184.93,0.002753586,185.4671429,192.6028,green
2019/9/11,2019,9,11,2,36,2019-36,185.67,187.73,185.11,187.61,1292100,186.81,0.010176572,185.4492857,192.315,green
2019/9/12,2019,9,12,3,36,2019-36,190.65,192.62,189.32,191.57,1640200,190.76,0.021107671,185.8271429,192.0956,green
2019/9/13,2019,9,13,4,36,2019-36,192.49,193.71,191.98,192.16,1717100,191.34,0.003079801,186.45,191.8864,green
2019/9/16,2019,9,16,0,37,2019-37,191.6,191.8,187.75,188.52,1263900,187.72,-0.018942563,186.7671429,191.6282,green
2019/9/17,2019,9,17,1,37,2019-37,190.34,193.2,189.75,192.24,1186700,191.42,0.0197327,187.3614286,191.459,green
2019/9/18,2019,9,18,2,37,2019-37,193.45,193.67,191,192.66,1694800,191.84,0.002184743,187.9692857,191.3122,green
2019/9/19,2019,9,19,3,37,2019-37,195.69,196.12,193.92,194.24,1601500,193.42,0.008201015,188.5,191.181,green
2019/9/20,2019,9,20,4,37,2019-37,195.49,196.25,193.1,194.11,2475500,193.29,-0.000669312,188.87,191.0266,green
2019/9/23,2019,9,23,0,38,2019-38,192.65,194,192.55,193.52,859600,192.7,-0.0030395,189.3171429,190.8372,red
2019/9/24,2019,9,24,1,38,2019-38,193.17,193.84,190.85,191.52,1539800,190.71,-0.010334862,189.5992857,190.6062,red
2019/9/25,2019,9,25,2,38,2019-38,190.64,192.87,190.33,192.25,852100,191.43,0.00381159,189.965,190.419,red
2019/9/26,2019,9,26,3,38,2019-38,193.04,193.21,191.48,192.3,1345600,191.48,0.000260086,190.1621429,190.248,red
2019/9/27,2019,9,27,4,38,2019-38,192.16,192.75,190.58,191.55,873900,190.74,-0.003900121,190.6135714,190.0262,red
2019/9/30,2019,9,30,0,39,2019-39,192.52,194.24,192.18,193.72,1027200,192.9,0.01132858,191.1828571,189.8528,red
2019/10/1,2019,10,1,1,39,2019-39,193.93,194.02,188.45,188.55,1127500,187.75,-0.026687971,191.25,189.5724,red
2019/10/2,2019,10,2,2,39,2019-39,185.93,186,182.06,184.11,1996200,183.33,-0.023548119,190.7192857,189.1394,red
2019/10/3,2019,10,3,3,39,2019-39,183.86,184.98,182.28,184.64,955600,183.86,0.002878656,190.185,188.7976,red
2019/10/4,2019,10,4,4,39,2019-39,185.66,187.38,184.22,186.18,1498100,185.39,0.008340539,190.0185714,188.5432,red
2019/10/7,2019,10,7,0,40,2019-40,186,190.34,185.83,188.58,2744100,187.78,0.012890834,189.7585714,188.3154,green
2019/10/8,2019,10,8,1,40,2019-40,187.44,187.45,183.7,184.11,1526600,183.33,-0.023703477,189.1507143,188.0222,green
2019/10/9,2019,10,9,2,40,2019-40,186.11,188.04,185.68,187.39,1266600,186.59,0.017815356,188.6628571,187.859,green
2019/10/10,2019,10,10,3,40,2019-40,190.23,192.06,188.6,191.23,1486200,190.42,0.020492073,188.4578571,187.8758,green
2019/10/11,2019,10,11,4,40,2019-40,192.68,196.54,192.35,194.25,1609600,193.43,0.015792509,188.51,187.9698,green
2019/10/14,2019,10,14,0,41,2019-41,194.3,195.31,192.46,192.53,1213700,191.71,-0.008854599,188.5814286,188.0832,green
2019/10/15,2019,10,15,1,41,2019-41,195.79,198.03,194.89,195.18,1519300,194.35,0.013764051,188.79,188.1914,green
2019/10/16,2019,10,16,2,41,2019-41,197.8,198.18,196.14,196.85,1570400,196.01,0.008556306,189.1135714,188.37,green
2019/10/17,2019,10,17,3,41,2019-41,197.76,198.98,196.55,196.64,958900,195.81,-0.001066867,189.4757143,188.5046,green
2019/10/18,2019,10,18,4,41,2019-41,196.88,197.24,194.94,195.79,1022800,194.96,-0.004322602,189.6228571,188.5858,green
2019/10/21,2019,10,21,0,42,2019-42,195.94,196.05,194.33,194.97,927900,194.14,-0.004188122,190.0792857,188.6634,red
2019/10/22,2019,10,22,1,42,2019-42,193.08,193.68,191.4,191.47,1429700,190.66,-0.017951503,190.6028571,188.6668,red
2019/10/23,2019,10,23,2,42,2019-42,193.76,194.87,193.17,193.7,1227900,192.88,0.011646721,191.2471429,188.7006,red
2019/10/24,2019,10,24,3,42,2019-42,194.31,194.64,192.69,192.99,996600,192.17,-0.003665453,191.7314286,188.8642,red
2019/10/25,2019,10,25,4,42,2019-42,194.39,195.45,194.04,195,1025000,194.17,0.010415015,192.1878571,189.048,red
2019/10/28,2019,10,28,0,43,2019-43,196.31,196.89,195.68,196.77,1216700,195.94,0.009076962,193.0885714,189.2246,green
2019/10/29,2019,10,29,1,43,2019-43,197.77,201.31,197.11,199.11,1080100,198.27,0.011892016,193.9228571,189.4414,green
2019/10/30,2019,10,30,2,43,2019-43,197.87,199.56,196.3,199.19,1110400,198.34,0.000401816,194.4885714,189.6878,green
2019/10/31,2019,10,31,3,43,2019-43,199.18,199.25,196.95,198.35,1303500,197.51,-0.004217029,194.78,189.8968,green
2019/11/1,2019,11,1,4,43,2019-43,198.88,200.05,198.38,198.8,812200,197.96,0.002268712,195.2264286,190.1466,green
2019/11/4,2019,11,4,0,44,2019-44,201.25,201.49,200.12,200.76,1086100,199.91,0.009859038,195.6235714,190.4924,green
2019/11/5,2019,11,5,1,44,2019-44,200.94,201.48,198.95,200.31,1132900,199.46,-0.002241401,195.87,190.816,green
2019/11/6,2019,11,6,2,44,2019-44,201.11,201.6,200.11,201.12,1084500,200.27,0.004043662,196.1885714,191.1594,green
2019/11/7,2019,11,7,3,44,2019-44,201.64,202.72,201.04,202.6,1098200,201.74,0.007358889,196.6728571,191.5276,green
2019/11/8,2019,11,8,4,44,2019-44,203.6,204.45,202.31,203,966000,202.14,0.001974321,197.2442857,191.8506,green
2019/11/11,2019,11,11,0,45,2019-45,202.77,203.32,201.58,202.29,881600,201.43,-0.003497603,198.0135714,192.117,green
2019/11/12,2019,11,12,1,45,2019-45,205.23,207.71,204.18,205.76,1681200,204.89,0.017153595,198.8714286,192.486,green
2019/11/13,2019,11,13,2,45,2019-45,207.2,208.69,206.75,207.82,1388200,206.94,0.010011716,199.9264286,192.8896,green
2019/11/14,2019,11,14,3,45,2019-45,207.09,208.97,206.74,208.64,1003000,207.75,0.003945686,200.8964286,193.3184,green
2019/11/15,2019,11,15,4,45,2019-45,210,210.33,208.33,209.71,1772000,208.82,0.005128527,201.8164286,193.7204,green
2019/11/18,2019,11,18,0,46,2019-46,208.39,209.96,207.48,209.11,1115900,208.22,-0.002861185,202.5271429,194.1964,red
2019/11/19,2019,11,19,1,46,2019-46,210.2,210.5,207.43,207.43,1463700,206.55,-0.008034028,203.1135714,194.6288,red
2019/11/20,2019,11,20,2,46,2019-46,207.02,207.7,205.56,206.18,1234900,205.31,-0.006026174,203.6707143,194.9988,red
2019/11/21,2019,11,21,3,46,2019-46,207.23,207.81,206.03,206.26,1369500,205.38,0.000388038,204.2007143,195.2912,red
2019/11/22,2019,11,22,4,46,2019-46,205.41,206.09,204.66,204.91,936700,204.04,-0.006545124,204.4957143,195.5452,red
2019/11/25,2019,11,25,0,47,2019-47,204.74,205.96,204.24,205.94,1418800,205.07,0.005026623,204.8964286,195.8922,green
2019/11/26,2019,11,26,1,47,2019-47,205.11,205.98,204.64,205.14,1547400,204.27,-0.003884676,205.1821429,196.1492,green
2019/11/27,2019,11,27,2,47,2019-47,203.96,206.11,203.81,206,1074000,205.13,0.004192274,205.4242857,196.415,green
2019/11/29,2019,11,29,4,47,2019-47,205.39,206.82,205.16,206.21,847600,205.34,0.00101948,205.6528571,196.6534,green
2019/12/2,2019,12,2,0,48,2019-48,202.85,203.58,199.83,200.63,1718600,200.63,-0.022913783,205.5957143,196.8002,red
2019/12/3,2019,12,3,1,48,2019-48,200.61,202.56,199.61,202.04,1230600,202.04,0.007027804,205.3921429,196.987,red
2019/12/4,2019,12,4,2,48,2019-48,204.3,205.02,202.67,202.75,1384500,202.75,0.003514189,205.0928571,197.2278,red
2019/12/5,2019,12,5,3,48,2019-48,203.17,204.06,202.25,203.75,868700,203.75,0.004932182,204.8071429,197.4742,red
2019/12/6,2019,12,6,4,48,2019-48,205.6,205.99,204.6,205.53,912300,205.53,0.00873619,204.5721429,197.7552,red
2019/12/9,2019,12,9,0,49,2019-49,206.86,207,204.78,205.33,1038300,205.33,-0.000973079,204.3657143,198.047,green
2019/12/10,2019,12,10,1,49,2019-49,204.7,205.74,203.83,203.95,1135900,203.95,-0.006720912,204.18,198.268,green
2019/12/11,2019,12,11,2,49,2019-49,205.45,206.36,204.89,205.64,1159200,205.64,0.008286357,204.2035714,198.6258,green
2019/12/12,2019,12,12,3,49,2019-49,207.09,210.25,206.87,209.92,1333000,209.92,0.020813066,204.5278571,199.1576,green
2019/12/13,2019,12,13,4,49,2019-49,211.11,211.64,208.38,209.05,1527900,209.05,-0.004144413,204.8857143,199.6614,green
2019/12/16,2019,12,16,0,50,2019-50,211.1,211.17,209.82,210.02,1797200,210.02,0.004640044,205.2392857,200.154,red
2019/12/17,2019,12,17,1,50,2019-50,210.38,210.52,208.71,209.66,1433000,209.66,-0.001714125,205.6242857,200.5916,red
2019/12/18,2019,12,18,2,50,2019-50,209.32,209.33,206.94,208.33,1427300,208.33,-0.006343613,205.8528571,201.0916,red
2019/12/19,2019,12,19,3,50,2019-50,207.94,209.45,207.66,209.4,1205200,209.4,0.005136044,206.1428571,201.5478,red
2019/12/20,2019,12,20,4,50,2019-50,213.13,213.94,211.02,212.11,3034100,212.11,0.012941771,206.9628571,201.9816,red
2019/12/23,2019,12,23,0,51,2019-51,212.08,212.31,211.1,211.77,967400,211.77,-0.001602925,207.6578571,202.3484,red
2019/12/24,2019,12,24,1,51,2019-51,211.57,212.41,210.67,211.62,399900,211.62,-0.000708359,208.2914286,202.7466,red
2019/12/26,2019,12,26,3,51,2019-51,211.7,212.75,211.1,212.75,481000,212.75,0.005339783,208.9342857,203.1146,red
2019/12/27,2019,12,27,4,51,2019-51,214.15,214.26,212.09,212.26,825500,212.26,-0.002303199,209.415,203.4396,red
2019/12/30,2019,12,30,0,52,2019-52,212.81,212.9,211.27,211.49,807500,211.49,-0.003627575,209.855,203.7532,red
2019/12/31,2019,12,31,1,52,2019-52,211.74,212.92,211.26,212.9,1040000,212.9,0.006666927,210.4942857,204.112,green
