Date,Year,Open,High,Low,Close,Adj Close,Volume
2015/1/2,2015,129.639999,130.220001,128.850006,129.949997,115.868279,683700
2015/1/5,2015,128.820007,129.059998,126.110001,126.519997,112.809967,1165700
2015/1/6,2015,126.199997,127.019997,124.82,124.900002,111.365532,1349800
2015/1/7,2015,125.870003,126.650002,125.25,126.300003,112.613831,861300
2015/1/8,2015,127.889999,128.860001,127.230003,128.380005,114.46843,1089700
2015/1/9,2015,128.850006,128.850006,126.5,126.650002,112.925888,989200
2015/1/12,2015,126.769997,127.309998,125.360001,126.370003,112.676231,1026600
2015/1/13,2015,126.900002,127.489998,124.599998,125.5,111.900505,1235000
2015/1/14,2015,123.279999,125,123.199997,124.589996,111.089104,1231700
2015/1/15,2015,125,126.220001,124.400002,124.470001,110.982124,787600
2015/1/16,2015,124.470001,124.68,122.519997,123.529999,110.143974,1990600
2015/1/20,2015,123.870003,125.339996,123.660004,124.910004,111.374435,1563400
2015/1/21,2015,124.57,125.949997,124.080002,125.669998,112.052086,1030200
2015/1/22,2015,126.650002,127.690002,125.669998,127.459999,113.648109,1170600
2015/1/23,2015,127.43,127.540001,126.290001,126.339996,112.649483,1066700
2015/1/26,2015,123.550003,125.57,123.550003,124.519997,111.026711,1408300
2015/1/27,2015,122.900002,124.629997,122.5,123.199997,109.849747,1831900
2015/1/28,2015,124.190002,127.330002,122.599998,122.629997,109.341515,2334800
2015/1/29,2015,123.029999,123.230003,120.169998,121.449997,108.289375,1981000
2015/1/30,2015,119.919998,122.019997,119.919998,120.589996,107.52256,2048800
2015/2/2,2015,121.080002,122.529999,119.879997,122.220001,108.975945,2307000
2015/2/3,2015,123.550003,123.779999,122.32,123.480003,110.099419,1520600
2015/2/4,2015,122.620003,123.720001,122.459999,122.709999,109.412842,1394400
2015/2/5,2015,123.639999,124.660004,122.650002,124.610001,111.106964,1330900
2015/2/6,2015,124.150002,125.879997,123.949997,125.25,111.677597,1440900
2015/2/9,2015,125,125.690002,124.599998,125.040001,111.490372,1262800
2015/2/10,2015,125.239998,125.559998,124.489998,124.910004,111.374435,1188700
2015/2/11,2015,124.910004,125.059998,123.900002,124.349998,110.875122,1226800
2015/2/12,2015,125,125.550003,124.769997,125.360001,111.775673,1289800
2015/2/13,2015,125.5,126.980003,125.339996,126.889999,113.139885,770200
2015/2/17,2015,126.669998,128,126.169998,127.449997,113.639198,759500
2015/2/18,2015,127.440002,127.769997,126.510002,127.629997,113.799675,728400
2015/2/19,2015,127.620003,129.240005,126.959999,128.860001,114.896423,1082400
2015/2/20,2015,128.850006,129.5,127.43,129.309998,115.297646,1075800
2015/2/23,2015,128.960007,129.449997,128.139999,128.389999,114.477333,872400
2015/2/24,2015,128.580002,128.869995,127.980003,128.380005,114.46843,830400
2015/2/25,2015,128.330002,129,128.259995,128.589996,114.655655,719500
2015/2/26,2015,128.309998,128.940002,127.660004,127.900002,114.040436,1462500
2015/2/27,2015,127.980003,128.619995,127.730003,127.900002,114.040436,1249000
2015/3/2,2015,127.900002,130.380005,127.610001,130.279999,116.162529,1376400
2015/3/3,2015,129.820007,129.869995,128.919998,129.050003,115.065811,1223800
2015/3/4,2015,128.190002,128.419998,126.57,127.720001,114.51442,1996900
2015/3/5,2015,127.919998,128.080002,127,127.739998,114.532341,2209100
2015/3/6,2015,126.470001,127.050003,126.160004,126.290001,113.232254,1849200
2015/3/9,2015,126.32,126.809998,125.940002,126.25,113.196404,1934500
2015/3/10,2015,125.199997,125.589996,124.019997,124.360001,111.501823,1703800
2015/3/11,2015,124.360001,125.32,124.110001,124.220001,111.376274,1429000
2015/3/12,2015,124.650002,125.730003,124.43,125.629997,112.640503,1544000
2015/3/13,2015,125.300003,125.400002,123.089996,123.800003,110.99971,1332300
2015/3/16,2015,125.540001,125.550003,123.260002,124.239998,111.394226,1437600
2015/3/17,2015,123.900002,123.989998,122.019997,122.82,110.12104,1374400
2015/3/18,2015,122.150002,125.5,121.379997,124.809998,111.905266,1277800
2015/3/19,2015,123.839996,124.220001,122,122.010002,109.394806,1394400
2015/3/20,2015,120.830002,123.18,119.690002,121.919998,109.314095,3025100
2015/3/23,2015,121.919998,122.400002,121.629997,121.980003,109.367897,1100400
2015/3/24,2015,121.660004,122.849998,121.540001,121.550003,108.982376,1301700
2015/3/25,2015,121.769997,122.160004,120.290001,120.300003,107.861603,1008100
2015/3/26,2015,120.190002,120.879997,120.059998,120.510002,108.049881,1040100
2015/3/27,2015,120.279999,120.940002,120.050003,120.160004,107.736076,1071700
2015/3/30,2015,121.029999,121.949997,120.650002,121.519997,108.95546,846900
2015/3/31,2015,121.220001,121.669998,120.68,120.739998,108.256104,997500
2015/4/1,2015,120.580002,121.169998,119.75,121.010002,108.498199,1231700
2015/4/2,2015,120.650002,122.559998,120.309998,122.269997,109.627914,1334700
2015/4/6,2015,122.309998,122.989998,121.739998,122.260002,109.618942,1085500
2015/4/7,2015,122.080002,123.339996,122.080002,122.769997,110.076233,922400
2015/4/8,2015,122.739998,123.220001,122.019997,122.360001,109.708595,1012400
2015/4/9,2015,122.610001,123,122.169998,122.57,109.896873,1327300
2015/4/10,2015,123,123,121.489998,122.360001,109.708595,1690400
2015/4/13,2015,122.489998,122.720001,121.129997,121.220001,108.686455,1380000
2015/4/14,2015,121.300003,121.690002,120.43,121,108.48922,1566100
2015/4/15,2015,121.580002,122.330002,121.199997,121.5,108.937531,1429400
2015/4/16,2015,121.470001,121.879997,120.660004,121.239998,108.704414,1060100
2015/4/17,2015,120.389999,120.93,120.059998,120.449997,107.996078,1048900
2015/4/20,2015,121.519997,122.190002,120.919998,122,109.385818,1644200
2015/4/21,2015,122.129997,122.419998,121.07,121.230003,108.695457,1703500
2015/4/22,2015,121.309998,121.589996,120.309998,121.260002,108.722343,965100
2015/4/23,2015,121.459999,122.419998,121,121.860001,109.2603,979700
2015/4/24,2015,121.980003,122.5,121.449997,122.459999,109.798264,1042500
2015/4/27,2015,122.5,123.730003,121.970001,123.589996,110.811424,1804400
2015/4/28,2015,123.160004,123.940002,122.25,122.790001,110.094139,1563300
2015/4/29,2015,120,124.989998,119.809998,124.690002,111.797707,2635200
2015/4/30,2015,124.18,124.300003,121.239998,121.93,109.323082,3068600
2015/5/1,2015,122.25,123.660004,122.080002,122.75,110.058273,1204300
2015/5/4,2015,123.010002,123.349998,122.040001,122.269997,109.627914,826100
2015/5/5,2015,122.480003,122.830002,120.529999,120.910004,108.408524,796500
2015/5/6,2015,121.760002,121.959999,119.440002,119.849998,107.45813,1453000
2015/5/7,2015,119.43,121.029999,119.139999,120.769997,108.283005,1039000
2015/5/8,2015,122.07,122.239998,120.910004,121.019997,108.507141,1408700
2015/5/11,2015,120.709999,121.099998,118.970001,119.150002,106.830505,1696000
2015/5/12,2015,118.839996,118.839996,117.459999,117.839996,105.655937,1810800
2015/5/13,2015,117.82,118.239998,117.190002,117.809998,105.629051,1509900
2015/5/14,2015,118.760002,120.699997,118.32,120.610001,108.139549,1515300
2015/5/15,2015,120.269997,123.07,120.269997,122.400002,109.744461,1920100
2015/5/18,2015,122.019997,122.230003,121.139999,121.849998,109.251328,938700
2015/5/19,2015,121.879997,121.879997,120.739998,121.330002,108.785103,887700
2015/5/20,2015,121.779999,122.349998,121,121.480003,108.919586,1083900
2015/5/21,2015,121.330002,121.870003,121.07,121.860001,109.2603,830200
2015/5/22,2015,121.699997,122.300003,121.160004,122.010002,109.394806,1430900
2015/5/26,2015,121.220001,121.68,120.870003,121.669998,109.089943,1429900
2015/5/27,2015,121.230003,121.639999,120.669998,121.529999,108.964409,1229500
2015/5/28,2015,121.290001,122.760002,121.150002,122.75,110.058273,1354800
2015/5/29,2015,122.559998,123.330002,122.239998,122.860001,110.156921,2269000
2015/6/1,2015,123.010002,123.089996,121.800003,122.459999,109.798264,1448400
2015/6/2,2015,122.379997,122.68,121.699997,122.540001,109.869995,1212900
2015/6/3,2015,121.900002,122.82,121.900002,122.82,110.767342,1319600
2015/6/4,2015,120.900002,122.139999,120.900002,121.379997,109.468643,1691700
2015/6/5,2015,120.900002,121.739998,120.57,121.379997,109.468643,1220600
2015/6/8,2015,121.379997,121.980003,121.099998,121.790001,109.83844,2319300
2015/6/9,2015,121.93,122.300003,121.599998,121.959999,109.991753,1628700
2015/6/10,2015,122.650002,123.059998,122.029999,123.010002,110.938705,1007600
2015/6/11,2015,123.18,123.400002,122.669998,123.239998,111.146126,1103100
2015/6/12,2015,123.169998,123.309998,122.699997,123.18,111.092033,1253600
2015/6/15,2015,122.239998,122.540001,121.129997,121.220001,109.324348,1339600
2015/6/16,2015,121.080002,121.82,121.050003,121.739998,109.793335,800200
2015/6/17,2015,122.110001,122.870003,121.449997,122.669998,110.632065,1061900
2015/6/18,2015,123.019997,124.169998,122.559998,123.790001,111.642159,1032500
2015/6/19,2015,123.790001,123.809998,122.870003,123,110.92968,1216400
2015/6/22,2015,123.5,123.650002,123,123.349998,111.245338,562500
2015/6/23,2015,123.330002,123.629997,122.419998,123.5,111.380608,841000
2015/6/24,2015,123.190002,123.190002,121.779999,122.489998,110.469727,1598300
2015/6/25,2015,122.599998,122.68,121.82,122.209999,110.217224,1083800
2015/6/26,2015,121.870003,122.589996,121.32,121.580002,109.64904,1541600
2015/6/29,2015,120.779999,121.279999,118.980003,119.300003,107.592773,2066800
2015/6/30,2015,120.220001,120.349998,118.980003,119.550003,107.818245,1511700
2015/7/1,2015,120.360001,120.510002,119.010002,119.279999,107.574722,1380100
2015/7/2,2015,119.730003,119.940002,118.279999,118.900002,107.232033,1179800
2015/7/6,2015,117.940002,118.540001,117.400002,117.860001,106.294083,892200
2015/7/7,2015,117.510002,118.669998,116.739998,118.5,106.871277,1187300
2015/7/8,2015,117.970001,117.970001,116.080002,116.089996,104.697777,1171900
2015/7/9,2015,117.419998,117.660004,116,116,104.616615,1685900
2015/7/10,2015,117.169998,117.730003,116.580002,117.370003,105.852196,867600
2015/7/13,2015,118.309998,118.610001,117.82,118.470001,106.844215,1280000
2015/7/14,2015,118.389999,119.360001,118,119.269997,107.565735,875600
2015/7/15,2015,119.150002,119.540001,118.400002,118.690002,107.042633,1112400
2015/7/16,2015,118.910004,119.019997,117.93,118.209999,106.609741,1579300
2015/7/17,2015,117.800003,118.220001,116.519997,117.010002,105.527489,979900
2015/7/20,2015,116.910004,117.360001,116.279999,116.709999,105.256943,1086000
2015/7/21,2015,116.940002,117.260002,114.959999,115.400002,104.075485,995000
2015/7/22,2015,115.300003,115.980003,114.82,115.150002,103.850029,1168400
2015/7/23,2015,115.139999,115.470001,114.43,115.199997,103.895126,1339200
2015/7/24,2015,114.970001,115.43,112.629997,112.980003,101.892982,1550300
2015/7/27,2015,112.330002,112.959999,111.540001,111.82,100.846817,1312000
2015/7/28,2015,112.339996,115.57,111.730003,115.379997,104.057457,2030300
2015/7/29,2015,113.010002,116.370003,111.889999,115.93,104.553482,2795500
2015/7/30,2015,116.230003,116.580002,113.589996,114.269997,103.056374,2517300
2015/7/31,2015,114.440002,114.790001,113.620003,114.139999,102.939156,2223000
2015/8/3,2015,114.099998,114.279999,113.190002,113.629997,102.479179,876800
2015/8/4,2015,113.980003,114.830002,113.18,113.389999,102.262733,1167600
2015/8/5,2015,114.25,114.599998,113.330002,113.389999,102.262733,1110000
2015/8/6,2015,113.43,114.099998,112.940002,113.339996,102.217644,981300
2015/8/7,2015,113.110001,113.599998,112.440002,113.150002,102.046303,1536000
2015/8/10,2015,114,115.559998,113.75,115.470001,104.138634,1467900
2015/8/11,2015,114.209999,114.769997,113.43,113.980003,102.794861,958500
2015/8/12,2015,113.410004,114.050003,112.559998,113.449997,102.316849,1476900
2015/8/13,2015,113.169998,114.089996,112.949997,113.669998,102.515274,1163300
2015/8/14,2015,113.690002,114.139999,113.449997,113.989998,102.803841,850200
2015/8/17,2015,113.870003,114.360001,112.989998,114,102.812874,1146100
2015/8/18,2015,113.669998,114.029999,113.209999,113.510002,102.370964,820600
2015/8/19,2015,112.769997,113.25,111.510002,112.419998,101.387924,1073100
2015/8/20,2015,111.910004,112.93,111.639999,111.650002,100.693489,1532800
2015/8/21,2015,110.760002,111.440002,108.440002,108.610001,97.95182,2431600
2015/8/24,2015,103.57,106.18,101.010002,105.360001,95.020744,3888500
2015/8/25,2015,107.790001,107.800003,102.779999,103,92.892342,3243100
2015/8/26,2015,105.040001,105.129997,102.870003,104.050003,93.83931,3876200
2015/8/27,2015,105.790001,106.019997,103.900002,105.190002,94.867416,3116500
2015/8/28,2015,105.050003,106.769997,105.050003,106.190002,95.76931,2824700
2015/8/31,2015,105.790001,106.18,104.970001,105.75,95.372459,1967400
2015/9/1,2015,103.519997,104.25,101.980003,102.379997,92.333176,2145300
2015/9/2,2015,103.400002,103.760002,102.400002,102.949997,92.847237,1819000
2015/9/3,2015,103.019997,104.470001,102.339996,103.010002,93.551102,2336900
2015/9/4,2015,101.800003,102.370003,100.989998,101.440002,92.125244,2890000
2015/9/8,2015,103.209999,104.269997,102.040001,104.269997,94.695374,2592500
2015/9/9,2015,105.029999,105.400002,103.75,104.300003,94.722633,2470200
2015/9/10,2015,103.779999,105.800003,103.419998,105.190002,95.530907,3322600
2015/9/11,2015,104.93,105.050003,104.080002,104.769997,95.149467,2412500
2015/9/14,2015,104.839996,105,103.93,104.410004,94.822533,1783900
2015/9/15,2015,104.889999,105.910004,104.160004,105.699997,95.994072,1934500
2015/9/16,2015,105.139999,107.5,105.139999,107.449997,97.583382,1922100
2015/9/17,2015,107.279999,108.220001,106.620003,107.050003,97.220108,2397300
2015/9/18,2015,105.360001,106.160004,104.540001,105.129997,95.47641,3108300
2015/9/21,2015,105.190002,106.129997,104.739998,105.25,95.585403,1655300
2015/9/22,2015,103.93,104.440002,102.730003,103.43,93.932503,1725600
2015/9/23,2015,103.230003,103.610001,100.419998,100.639999,91.398697,2877200
2015/9/24,2015,100,101.43,98.550003,101,91.725662,2723900
2015/9/25,2015,101.720001,102.099998,100.599998,100.919998,91.653,2011400
2015/9/28,2015,99.989998,100.82,99.080002,99.169998,90.063698,2025900
2015/9/29,2015,99.269997,100.730003,99.120003,100.550003,91.316986,1497700
2015/9/30,2015,101.290001,102.110001,101.029999,101.860001,92.506668,2388000
2015/10/1,2015,102.099998,102.550003,100.550003,101.410004,92.097984,2627200
2015/10/2,2015,100.389999,103.150002,99.589996,103.150002,93.67823,1874300
2015/10/5,2015,104.019997,106.510002,103.639999,106.339996,96.575294,1940900
2015/10/6,2015,105.889999,106.610001,105.470001,105.970001,96.239288,1739300
2015/10/7,2015,106.239998,107.239998,105.260002,107.239998,97.392647,1224600
2015/10/8,2015,107.300003,108.720001,106.970001,108.589996,98.61869,1339700
2015/10/9,2015,109.099998,109.519997,108.290001,108.650002,98.673187,1368100
2015/10/12,2015,108.599998,109.099998,108.040001,108.529999,98.564201,674200
2015/10/13,2015,107.480003,108.43,107.379997,108.370003,98.4189,1461400
2015/10/14,2015,108.309998,109.300003,107.940002,108.970001,98.963806,1693800
2015/10/15,2015,109.5,109.949997,108.620003,109.489998,99.43605,1588900
2015/10/16,2015,110.230003,110.239998,108.730003,109.43,99.381569,1354800
2015/10/19,2015,108.540001,109.410004,108.449997,109.129997,99.109116,1424500
2015/10/20,2015,109.150002,109.93,108.470001,109.360001,99.317986,1101000
2015/10/21,2015,109.510002,109.519997,107.720001,107.879997,97.9739,964400
2015/10/22,2015,108.82,110.589996,108.309998,110.260002,100.135345,1164100
2015/10/23,2015,111,112.080002,110.379997,111.75,101.488525,1442600
2015/10/26,2015,111.529999,111.949997,109.93,110.139999,100.026375,1481900
2015/10/27,2015,109.5,110.440002,108.699997,109.269997,99.236259,1236900
2015/10/28,2015,109.389999,110.709999,108.660004,109.910004,99.817474,1950900
2015/10/29,2015,110.459999,114.720001,110.300003,112.75,102.39669,2939900
2015/10/30,2015,113.660004,114.489998,111.07,111.089996,100.889122,2628300
2015/11/2,2015,111.349998,112.870003,111.18,112.379997,102.060677,1663300
2015/11/3,2015,112.089996,113.940002,111.800003,113.559998,103.132324,1502600
2015/11/4,2015,113.879997,114.129997,112.839996,113.019997,102.641907,1696100
2015/11/5,2015,112.699997,113.839996,112.410004,113.379997,102.968842,1704200
2015/11/6,2015,112.690002,114,112.5,113.580002,103.15049,936600
2015/11/9,2015,113.239998,113.550003,111.709999,112.5,102.169655,984000
2015/11/10,2015,112.260002,112.489998,110.660004,111.599998,101.35228,1324600
2015/11/11,2015,111.779999,111.989998,110.290001,111.040001,100.843727,917700
2015/11/12,2015,109.949997,111.010002,109.849998,110.160004,100.044525,1096900
2015/11/13,2015,110.160004,116.07,109.949997,113.510002,103.086929,3184700
2015/11/16,2015,113.489998,116.290001,113.400002,115.980003,105.330116,2451700
2015/11/17,2015,116.019997,118.580002,112.32,113.410004,102.996094,5891100
2015/11/18,2015,113.510002,115.709999,112.879997,115.580002,104.966843,1758700
2015/11/19,2015,115.449997,116.099998,114.879997,115.559998,104.948685,1408900
2015/11/20,2015,115.669998,116.970001,114.889999,115.050003,104.485497,1473800
2015/11/23,2015,114.989998,115.5,114.410004,114.580002,104.05867,1085600
2015/11/24,2015,114.150002,114.389999,113.260002,114.029999,103.559174,1422800
2015/11/25,2015,113.720001,114.099998,113.07,113.209999,102.814461,1566200
2015/11/27,2015,113.080002,114.260002,112.93,113.910004,103.450203,889900
2015/11/30,2015,113.660004,114.18,112.57,112.800003,102.442108,2564700
2015/12/1,2015,112.25,112.360001,110.169998,112.029999,101.742813,2185900
2015/12/2,2015,111.550003,112.120003,110.220001,110.360001,100.226166,1739200
2015/12/3,2015,110.129997,110.5,107.919998,109.059998,99.691406,1619700
2015/12/4,2015,109.57,110.360001,109.010002,110.279999,100.806618,1932200
2015/12/7,2015,109.660004,110.120003,109.089996,109.559998,100.148468,1149100
2015/12/8,2015,108.190002,109.160004,106.589996,106.720001,97.552429,2107300
2015/12/9,2015,106.93,108.139999,106.620003,107.059998,97.863235,1865100
2015/12/10,2015,106.459999,107.559998,106.279999,106.68,97.515884,1510600
2015/12/11,2015,104.940002,106.050003,104.940002,105.300003,96.254402,1939300
2015/12/14,2015,105.160004,105.550003,104.029999,104.720001,95.724243,1595400
2015/12/15,2015,105.5,106.5,105.25,105.809998,96.720596,1446800
2015/12/16,2015,106.620003,107.080002,104.559998,105.989998,96.885147,1670200
2015/12/17,2015,106.269997,106.510002,102.870003,102.919998,94.07885,1730100
2015/12/18,2015,102.330002,102.669998,101.470001,101.519997,92.799126,2015100
2015/12/21,2015,102.040001,102.589996,101.300003,102.120003,93.347588,1703000
2015/12/22,2015,102.550003,103.540001,102.019997,102.809998,93.978302,1553800
2015/12/23,2015,103.580002,105,103.389999,104.739998,95.742516,1655900
2015/12/24,2015,104.379997,104.849998,104.139999,104.510002,95.532288,493100
2015/12/28,2015,104.019997,104.099998,103.220001,103.779999,94.86499,644100
2015/12/29,2015,104.669998,104.839996,104.029999,104.400002,95.431732,637900
2015/12/30,2015,104.160004,104.32,103.18,103.18,94.316528,1261600
2015/12/31,2015,102.800003,103.709999,102.279999,102.400002,93.603531,930900
2016/1/4,2016,101.029999,101.769997,100.519997,101.669998,92.936241,1853500
2016/1/5,2016,102.510002,102.529999,99.959999,101.32,92.616325,1589200
2016/1/6,2016,99.830002,101.389999,99.639999,100.300003,91.683922,1885300
2016/1/7,2016,98.839996,100.07,97.599998,97.790001,89.389557,2002700
2016/1/8,2016,98.040001,99.220001,97.330002,97.849998,89.444397,2541000
2016/1/11,2016,98.370003,99.089996,97.629997,98.440002,89.983704,2389200
2016/1/12,2016,99.5,100.010002,98.300003,99.889999,91.309143,1736500
2016/1/13,2016,100.589996,102.32,97.550003,98.010002,89.590645,2652800
2016/1/14,2016,98.239998,100.339996,97.510002,99.790001,91.217743,1928500
2016/1/15,2016,99.410004,99.790001,96.510002,97.389999,89.023911,1584700
2016/1/19,2016,98.480003,98.599998,96.629997,98.18,89.746056,1822000
2016/1/20,2016,96.57,98.809998,96,97.82,89.416977,2844600
2016/1/21,2016,98.25,98.790001,97.190002,97.959999,89.544952,1653200
2016/1/22,2016,99.400002,99.690002,97.639999,98.089996,89.663773,1746800
2016/1/25,2016,97.599998,98.150002,96,96.129997,87.872139,1400000
2016/1/26,2016,96.519997,98.379997,95.940002,98.139999,89.709465,1350100
2016/1/27,2016,97.809998,99.629997,97.739998,98.099998,89.672913,2132200
2016/1/28,2016,98.639999,99.199997,97.910004,98.199997,89.764313,1815000
2016/1/29,2016,96.769997,100.019997,95.599998,100,91.409683,3435200
2016/2/1,2016,99.830002,100.980003,98.370003,100.529999,91.894157,2402500
2016/2/2,2016,97.830002,99.260002,97.779999,98.150002,89.71862,2462400
2016/2/3,2016,99.330002,103.300003,98.949997,103.290001,94.417061,2563200
2016/2/4,2016,103.349998,106.989998,103.349998,105.529999,96.464661,2169200
2016/2/5,2016,104.970001,105.519997,103.68,105.099998,96.071594,2021200
2016/2/8,2016,104.519997,104.800003,100.470001,101.93,93.173912,2926200
2016/2/9,2016,101.769997,104.199997,101.489998,103.82,94.901535,1592800
2016/2/10,2016,104.309998,105.290001,103,103.370003,94.490211,1107300
2016/2/11,2016,101.739998,103.160004,101.260002,102.059998,93.292732,1594100
2016/2/12,2016,102.760002,103.949997,102.209999,103.830002,94.910706,978100
2016/2/16,2016,105.040001,105.040001,103.459999,104,95.066086,1878700
2016/2/17,2016,104.870003,105.400002,104.32,104.5,95.523132,1449200
2016/2/18,2016,104.309998,104.860001,104.080002,104.5,95.523132,995300
2016/2/19,2016,104.410004,104.559998,102.970001,103.309998,94.435356,1354300
2016/2/22,2016,103.889999,105.050003,103.57,104.220001,95.267197,1273100
2016/2/23,2016,103.529999,103.809998,101.599998,102.220001,93.439003,1294600
2016/2/24,2016,100.919998,102.139999,100.800003,101.889999,93.137344,1493800
2016/2/25,2016,102.209999,102.910004,101.040001,102.610001,93.795494,1758900
2016/2/26,2016,103.300003,104.220001,102.440002,103.239998,94.371368,1582100
2016/2/29,2016,103.370003,103.93,101.75,101.790001,93.045937,1325500
2016/3/1,2016,102.849998,105.529999,102.389999,105.339996,96.29097,1591500
2016/3/2,2016,104.709999,105.260002,103.330002,104.139999,95.194061,1582700
2016/3/3,2016,103.57,105.980003,102.720001,105.839996,97.449829,1295700
2016/3/4,2016,106.059998,110.089996,105.919998,108.790001,100.165993,2152400
2016/3/7,2016,109.18,109.730003,107.629997,108.589996,99.981834,1851700
2016/3/8,2016,107.529999,108.690002,106.629997,108.139999,99.56752,1315000
2016/3/9,2016,108.419998,109.349998,107.849998,109.059998,100.414574,1416000
2016/3/10,2016,109.760002,111.32,109.300003,110.660004,101.887756,2592500
2016/3/11,2016,111.080002,112.209999,110.599998,111.110001,102.302086,2132100
2016/3/14,2016,110.699997,111.050003,109.589996,109.900002,101.188004,1279100
2016/3/15,2016,108.949997,109.639999,108.57,109.440002,100.764473,1057300
2016/3/16,2016,109.260002,110.660004,108.82,110.129997,101.399765,1331000
2016/3/17,2016,110.660004,113.550003,110.589996,113.120003,104.152748,2289100
2016/3/18,2016,113.510002,113.650002,112.809998,112.879997,103.93177,2287000
2016/3/21,2016,112.879997,113.400002,112.75,112.959999,104.00544,1122600
2016/3/22,2016,112.629997,112.860001,111.82,112.580002,103.655563,1246700
2016/3/23,2016,112.389999,113.360001,111.660004,112.800003,103.858109,1229500
2016/3/24,2016,111.879997,112.099998,111,111.739998,102.882133,1106200
2016/3/28,2016,112.059998,112.720001,111.949997,112.449997,103.535858,852300
2016/3/29,2016,111.949997,112.809998,111.589996,112.459999,103.545067,960700
2016/3/30,2016,113.18,115.220001,112.919998,115,105.883705,1708100
2016/3/31,2016,114.93,115.32,114.360001,114.449997,105.377319,1751700
2016/4/1,2016,113.949997,115.489998,112.720001,115.239998,106.104683,1171100
2016/4/4,2016,114.5,115.599998,114.300003,114.709999,105.616699,977500
2016/4/5,2016,113.82,114.449997,112.379997,112.989998,104.033051,1285900
2016/4/6,2016,113.099998,113.330002,111.730003,113.279999,104.300072,976700
2016/4/7,2016,112.529999,112.75,111.290001,111.669998,102.81768,878400
2016/4/8,2016,112.470001,113.279999,111.959999,112.300003,103.397743,840200
2016/4/11,2016,112.769997,113.449997,112.709999,112.739998,103.802864,919900
2016/4/12,2016,112.980003,114.419998,112.360001,114.059998,105.018219,774500
2016/4/13,2016,114.660004,115.620003,113.839996,115.57,106.408531,908700
2016/4/14,2016,115.790001,115.910004,114.870003,115.529999,106.371689,748100
2016/4/15,2016,115.309998,116.550003,115.089996,116.32,107.099083,987700
2016/4/18,2016,115.599998,116.209999,115.349998,116.120003,106.914932,888300
2016/4/19,2016,116.529999,118.860001,116.139999,118.82,109.400887,1226200
2016/4/20,2016,119,119.709999,118.57,119.290001,109.833641,1079300
2016/4/21,2016,119.230003,120.040001,118.739998,118.849998,109.428513,573500
2016/4/22,2016,119.419998,119.790001,118.360001,119.620003,110.137474,658300
2016/4/25,2016,119.010002,119.720001,118.849998,119.190002,109.741554,654500
2016/4/26,2016,119.199997,119.580002,118.32,119.419998,109.953323,903600
2016/4/27,2016,119.489998,119.529999,117.629997,118.449997,109.060219,1493700
2016/4/28,2016,117.599998,119.379997,117.269997,118.260002,108.885284,1193400
2016/4/29,2016,113.669998,118.349998,112.139999,117.459999,108.148705,1962600
2016/5/2,2016,117.57,118.739998,117.050003,117.400002,108.09346,1290900
2016/5/3,2016,116.470001,116.610001,114.209999,115.089996,105.966576,1477300
2016/5/4,2016,114.68,114.93,113.720001,113.940002,104.907738,1248200
2016/5/5,2016,114.650002,114.849998,113.279999,113.470001,104.474991,1084100
2016/5/6,2016,113.459999,114.550003,113.089996,114.300003,105.239197,848400
2016/5/9,2016,114.300003,114.300003,112.519997,113.029999,104.06987,1132900
2016/5/10,2016,113.769997,114.230003,113.339996,114.019997,104.981407,979600
2016/5/11,2016,114.120003,114.639999,113.309998,113.43,104.438164,1049700
2016/5/12,2016,114.190002,115.190002,113.489998,113.599998,104.594696,1156400
2016/5/13,2016,113.57,114.129997,111.559998,111.959999,103.084694,799200
2016/5/16,2016,112.120003,113.379997,111.639999,112.949997,103.996208,735700
2016/5/17,2016,112.75,113.099998,112.150002,112.279999,103.379333,1071100
2016/5/18,2016,111.889999,111.970001,110.480003,110.779999,101.99823,931000
2016/5/19,2016,110.639999,111.919998,109.510002,110.059998,101.335304,1429400
2016/5/20,2016,110.790001,111.050003,109.900002,110.080002,101.353729,1206600
2016/5/23,2016,110.080002,111.099998,110.010002,110.489998,101.731224,1093500
2016/5/24,2016,110.970001,111.519997,110.57,110.769997,101.989037,1281000
2016/5/25,2016,111.269997,112.010002,111,111.629997,102.780838,881900
2016/5/26,2016,111.809998,111.989998,110.459999,110.57,101.804901,637000
2016/5/27,2016,110.57,111.110001,110.209999,110.769997,101.989037,750400
2016/5/31,2016,110.870003,111.129997,109.809998,109.860001,101.151169,1726200
2016/6/1,2016,109.57,111.029999,109.019997,110.839996,102.05349,2096700
2016/6/2,2016,110.57,110.57,109.940002,110.559998,101.795685,974500
2016/6/3,2016,109.580002,110.57,109.580002,110.239998,102.194298,1168200
2016/6/6,2016,110.580002,112.269997,110.510002,111.650002,103.501396,1137600
2016/6/7,2016,111.779999,112.580002,111.779999,111.860001,103.696068,1101100
2016/6/8,2016,112.239998,113.779999,111.610001,113.669998,105.373955,1450200
2016/6/9,2016,113.209999,113.529999,112.519997,113.440002,105.160751,1765800
2016/6/10,2016,112.949997,114.07,112.379997,113.730003,105.429604,1847200
2016/6/13,2016,113.459999,114.470001,112.720001,112.879997,104.641624,1283800
2016/6/14,2016,112.400002,113.120003,111.949997,112.449997,104.243004,1212800
2016/6/15,2016,112.57,113.209999,111.839996,112,103.825844,1454900
2016/6/16,2016,111.220001,112.260002,110.099998,112.120003,103.937103,1159100
2016/6/17,2016,112.25,112.809998,111.309998,112.099998,103.918541,1579200
2016/6/20,2016,113.349998,114.300003,112.459999,112.620003,104.400589,1401500
2016/6/21,2016,112.93,112.93,111.5,111.849998,103.686783,1393900
2016/6/22,2016,112.239998,112.949997,111.709999,112.860001,104.6231,1075300
2016/6/23,2016,114.199997,115.209999,114,115.199997,106.792297,1383300
2016/6/24,2016,112.139999,112.589996,109.779999,110.290001,102.240654,1903400
2016/6/27,2016,108.949997,109.269997,106.309998,107.010002,99.200027,1761100
2016/6/28,2016,108,109.25,107.029999,108.480003,100.562759,1345600
2016/6/29,2016,109.970001,110.699997,109.720001,110.650002,102.574387,1315800
2016/6/30,2016,111,112.389999,110.209999,112.389999,104.187386,1322200
2016/7/1,2016,112.519997,113.940002,112.019997,113.389999,105.114403,1436400
2016/7/5,2016,112.400002,112.970001,110.959999,111.480003,103.343788,1087400
2016/7/6,2016,113.5,113.510002,110.120003,111.830002,103.668266,1389200
2016/7/7,2016,112.150002,112.949997,111.330002,111.839996,103.677521,716200
2016/7/8,2016,112.360001,114.970001,111.889999,114.739998,106.365891,1024000
2016/7/11,2016,114.910004,115.5,114.209999,114.360001,106.013596,988300
2016/7/12,2016,115.239998,117.330002,115.099998,116.989998,108.451668,1344400
2016/7/13,2016,117.459999,117.669998,116.339996,117.550003,108.970802,880900
2016/7/14,2016,118.099998,118.720001,117.839996,118.349998,109.712418,940400
2016/7/15,2016,118.830002,119.129997,117.160004,118.989998,110.305702,988100
2016/7/18,2016,118.709999,119,118.239998,118.660004,109.999779,579500
2016/7/19,2016,118.419998,118.580002,117.720001,118.18,109.554817,603400
2016/7/20,2016,118.07,118.800003,117.75,118.269997,109.638252,480900
2016/7/21,2016,118.150002,118.269997,117.349998,117.68,109.091293,660900
2016/7/22,2016,117.650002,118.089996,117.279999,117.699997,109.109856,571900
2016/7/25,2016,117.57,117.800003,117.089996,117.739998,109.146912,587800
2016/7/26,2016,117.800003,118.580002,117.489998,118.389999,109.749489,857700
2016/7/27,2016,118.470001,118.800003,117.830002,118.339996,109.703117,986400
2016/7/28,2016,115.330002,117.279999,114.709999,117.110001,108.562889,1575800
2016/7/29,2016,116.489998,116.839996,115.519997,116.540001,108.034515,1256300
2016/8/1,2016,116.940002,116.970001,115.269997,115.900002,107.441208,1506100
2016/8/2,2016,115.839996,116.199997,114.989998,116.050003,107.580269,1052900
2016/8/3,2016,116.290001,116.959999,115.989998,116.580002,108.071587,1156600
2016/8/4,2016,116.449997,116.919998,116.239998,116.669998,108.155014,1051400
2016/8/5,2016,117.230003,117.389999,116.57,116.709999,108.192093,846000
2016/8/8,2016,117.07,117.57,116.449997,116.809998,108.284798,884000
2016/8/9,2016,116.629997,117.150002,115.529999,116.919998,108.386772,597200
2016/8/10,2016,117.129997,117.389999,116.480003,116.489998,107.988144,576300
2016/8/11,2016,116.75,117.199997,116.309998,116.980003,108.442383,649700
2016/8/12,2016,116.730003,117.949997,116.349998,116.769997,108.247719,612200
2016/8/15,2016,116.879997,118.230003,116.879997,118.029999,109.415749,551400
2016/8/16,2016,123.029999,125,121.089996,121.269997,112.419289,5935800
2016/8/17,2016,120.959999,120.989998,119.07,120.440002,111.649872,2264800
2016/8/18,2016,120.440002,121.910004,120.300003,121.889999,112.994041,1073500
2016/8/19,2016,121.349998,122.75,120.610001,122.559998,113.61515,2162200
2016/8/22,2016,122.129997,122.669998,121.800003,122.43,113.494637,875400
2016/8/23,2016,122.919998,123.339996,122.050003,122.449997,113.513168,708000
2016/8/24,2016,121.220001,122.300003,121.050003,122.089996,113.179436,795700
2016/8/25,2016,121.989998,123.07,121.849998,123.040001,114.060097,967300
2016/8/26,2016,123.379997,123.550003,121.360001,121.82,112.929146,1006600
2016/8/29,2016,121.900002,122.769997,121.900002,122.25,113.327766,727700
2016/8/30,2016,122.440002,122.910004,122.050003,122.519997,113.578056,654000
2016/8/31,2016,122.349998,122.470001,121.400002,122.040001,113.133087,844600
2016/9/1,2016,122.269997,123,121.940002,122.849998,113.883987,1224300
2016/9/2,2016,123.040001,123.669998,122.900002,123.440002,114.430916,489600
2016/9/6,2016,122.800003,123.360001,121.82,122.160004,113.936607,787200
2016/9/7,2016,121.860001,122.519997,121.400002,122.239998,114.011192,731300
2016/9/8,2016,122.269997,122.419998,120.389999,120.57,112.453636,1032100
2016/9/9,2016,120.239998,120.239998,117.410004,117.410004,109.506355,1373500
2016/9/12,2016,116.080002,119.300003,115.610001,118.529999,110.550957,4768200
2016/9/13,2016,117.400002,120.07,116.019997,118,110.056641,3575700
2016/9/14,2016,118.239998,118.379997,116.389999,116.839996,108.974709,1676300
2016/9/15,2016,116.400002,118.709999,116.239998,118.209999,110.252495,1438900
2016/9/16,2016,117.75,118.18,117.050003,117.68,109.758171,1597700
2016/9/19,2016,118.18,118.709999,117.779999,117.809998,109.87941,846800
2016/9/20,2016,118.660004,119,117.57,117.610001,109.692894,777900
2016/9/21,2016,118.160004,118.410004,117.32,118,110.056641,1558300
2016/9/22,2016,119,119.220001,117.889999,118.370003,110.401718,1247200
2016/9/23,2016,117.940002,118.269997,116.599998,116.839996,108.974709,1558200
2016/9/26,2016,116.760002,117.400002,116.370003,116.43,108.592323,1477400
2016/9/27,2016,116.43,117.330002,116.349998,117,109.123932,965400
2016/9/28,2016,118.550003,119.5,117.730003,118.349998,110.383072,2086300
2016/9/29,2016,118.589996,119.839996,118.410004,118.860001,110.858742,1648500
2016/9/30,2016,119.519997,121.169998,118.989998,120.830002,112.696129,1698300
2016/10/3,2016,120.360001,121.57,119.830002,121.239998,113.078514,1708300
2016/10/4,2016,121.300003,122,120.190002,120.360001,112.257751,1346300
2016/10/5,2016,121.099998,121.32,120.099998,120.360001,112.257751,918100
2016/10/6,2016,120.099998,121.019997,119.940002,120.849998,112.714775,913200
2016/10/7,2016,121.160004,121.160004,118.32,118.849998,110.849403,1126100
2016/10/10,2016,120.07,120.07,118.709999,118.769997,110.774796,733700
2016/10/11,2016,118.360001,118.419998,116.330002,117.129997,109.245193,1095800
2016/10/12,2016,116.989998,117.690002,116.779999,117.309998,109.413078,636700
2016/10/13,2016,116.290001,117.309998,114.830002,117.099998,109.217216,669500
2016/10/14,2016,117.809998,118,117.18,117.18,109.291832,464300
2016/10/17,2016,116.940002,117.339996,116.730003,117.080002,109.198563,638300
2016/10/18,2016,118.389999,118.849998,117.769997,118.489998,110.513657,726200
2016/10/19,2016,118.739998,120.010002,118.209999,119.879997,111.810066,849800
2016/10/20,2016,119.25,120.050003,118.800003,119.769997,111.707489,673000
2016/10/21,2016,118.900002,120.139999,118.099998,119.879997,111.810066,683400
2016/10/24,2016,120.07,120.760002,119.309998,119.559998,111.511612,617300
2016/10/25,2016,119.5,119.5,118.330002,118.529999,110.550957,599000
2016/10/26,2016,118.089996,118.949997,117.550003,118.57,110.588257,920200
2016/10/27,2016,118.239998,118.239998,114.699997,116.559998,108.713562,2052800
2016/10/28,2016,116.730003,118.239998,116.449997,117.440002,109.534332,1123000
2016/10/31,2016,117.860001,118.110001,116.800003,117.059998,109.179924,1258000
2016/11/1,2016,117.160004,117.459999,115.080002,115.980003,108.172615,866200
2016/11/2,2016,115.75,116.07,114.620003,115,107.258598,957200
2016/11/3,2016,115.220001,115.599998,114.660004,114.839996,107.109344,759300
2016/11/4,2016,115.18,115.400002,114.43,114.5,106.792236,855400
2016/11/7,2016,115.959999,117.5,115.650002,117.480003,109.57164,1459300
2016/11/8,2016,117.480003,118.410004,116.75,117.849998,109.916733,763900
2016/11/9,2016,115.660004,119.379997,115.32,118.68,110.690849,1798800
2016/11/10,2016,118.889999,121.660004,118.889999,120.230003,112.136513,1554600
2016/11/11,2016,119.75,120.330002,117.029999,117.849998,109.916733,1379000
2016/11/14,2016,118.419998,118.68,115.68,116.790001,108.928078,1613400
2016/11/15,2016,116.519997,117.129997,115.900002,117.080002,109.198563,1075600
2016/11/16,2016,117.160004,117.389999,116.589996,117.150002,109.263863,605600
2016/11/17,2016,117.459999,117.809998,116.019997,116.290001,108.461754,1035300
2016/11/18,2016,116.25,116.519997,115.540001,115.779999,107.986076,1041200
2016/11/21,2016,116.459999,117.120003,116.370003,116.739998,108.881447,1158200
2016/11/22,2016,117.419998,117.43,116.25,116.830002,108.965393,1112500
2016/11/23,2016,116.389999,118.709999,116.099998,118.709999,110.718826,1215500
2016/11/25,2016,118.839996,119.279999,118.690002,119.080002,111.063927,352000
2016/11/28,2016,118.769997,119.07,118.480003,118.690002,110.70018,749900
2016/11/29,2016,118.150002,123.949997,117.139999,122.18,113.955261,3835600
2016/11/30,2016,122.559998,122.650002,120.050003,120.300003,112.201805,2108200
2016/12/1,2016,120.580002,121.029999,119.199997,119.730003,111.670166,1840600
2016/12/2,2016,119.610001,120.410004,119.089996,119.580002,111.530273,934600
2016/12/5,2016,119.519997,120.029999,118.389999,119.760002,112.403137,1946900
2016/12/6,2016,119.580002,120.18,118.860001,119.019997,111.708595,996000
2016/12/7,2016,119.720001,122.540001,119.400002,122.260002,114.749573,2813600
2016/12/8,2016,122.639999,123.610001,121.940002,122.959999,115.40657,1267300
2016/12/9,2016,123.029999,124.410004,121.43,123.919998,116.307579,1376500
2016/12/12,2016,124.32,124.480003,123.050003,123.480003,115.894623,872800
2016/12/13,2016,124.150002,124.160004,122.849998,123.730003,116.12928,830500
2016/12/14,2016,123.660004,124.199997,122.349998,122.580002,115.049911,995200
2016/12/15,2016,122.440002,124.089996,122.360001,123.43,115.84771,908200
2016/12/16,2016,123.959999,123.970001,122.120003,122.489998,114.965431,1735000
2016/12/19,2016,122.32,123.019997,122.139999,123,115.444107,793500
2016/12/20,2016,121.82,121.940002,116.470001,118.389999,111.117302,4678100
2016/12/21,2016,118.68,118.779999,117.110001,118.529999,111.248703,2194300
2016/12/22,2016,117.889999,117.889999,116.129997,117.190002,109.991013,1732100
2016/12/23,2016,116.900002,117.629997,116.290001,117.589996,110.36644,936000
2016/12/27,2016,117.959999,118.690002,117.68,118.550003,111.267479,703600
2016/12/28,2016,118.830002,119.43,117.400002,117.480003,110.263206,747300
2016/12/29,2016,117.639999,118,117.25,117.410004,110.19751,574800
2016/12/30,2016,117.230003,117.400002,116.440002,117.190002,109.991013,984800
2017/1/3,2017,117.970001,118.220001,116.120003,116.900002,109.718811,2364200
2017/1/4,2017,117.370003,117.410004,116.449997,116.849998,109.671898,1564800
2017/1/5,2017,116.239998,116.389999,115,115.669998,108.564377,1756500
2017/1/6,2017,115.720001,116.400002,115.139999,116.199997,109.061813,1907500
2017/1/9,2017,116.470001,117.230003,115.970001,116.550003,109.390335,1143700
2017/1/10,2017,116.790001,116.970001,115.690002,115.849998,108.733322,928300
2017/1/11,2017,115.779999,117,115.099998,116.919998,109.737602,995100
2017/1/12,2017,117,117.550003,116.529999,117.25,110.047348,1102600
2017/1/13,2017,117.230003,117.639999,116.730003,117.080002,109.887772,1088300
2017/1/17,2017,116.620003,117.220001,116.360001,116.919998,109.737602,1424300
2017/1/18,2017,116.709999,117.120003,116.470001,116.599998,109.437256,1386400
2017/1/19,2017,116.510002,116.900002,115.82,116.099998,108.967979,1965400
2017/1/20,2017,116.18,117.389999,115.879997,117.389999,110.178726,1295500
2017/1/23,2017,117.209999,117.589996,116.489998,116.68,109.512337,1750400
2017/1/24,2017,117.199997,118.230003,117,117.690002,110.460289,3539800
2017/1/25,2017,117.889999,120.190002,117.279999,119.57,112.224808,3917600
2017/1/26,2017,116.540001,119.760002,115.709999,119.5,112.159103,1980500
2017/1/27,2017,120.449997,121,119.5,120.199997,112.816109,1739300
2017/1/30,2017,119.360001,119.529999,117.860001,119.300003,111.971397,1649800
2017/1/31,2017,118.760002,118.879997,118.059998,118.440002,111.164246,1356800
2017/2/1,2017,117.32,118.459999,117.139999,117.949997,110.704323,1324400
2017/2/2,2017,116.879997,117.339996,116.540001,116.620003,109.456032,1705100
2017/2/3,2017,116.910004,117.760002,116.809998,117.470001,110.253799,1120900
2017/2/6,2017,117.059998,117.110001,116.07,116.440002,109.287102,1448000
2017/2/7,2017,115.860001,116.739998,115.540001,116.300003,109.155685,1582800
2017/2/8,2017,115.959999,116.629997,115.529999,116.300003,109.155685,891600
2017/2/9,2017,116.300003,116.739998,115.599998,115.760002,108.648865,1030400
2017/2/10,2017,116.199997,116.580002,115.760002,116.230003,109.090004,1247500
2017/2/13,2017,116.970001,117.949997,116.599998,117.440002,110.225662,1059300
2017/2/14,2017,116.790001,117.589996,115.879997,117.32,110.113029,767600
2017/2/15,2017,116.919998,117.739998,116.709999,117.589996,110.36644,884700
2017/2/16,2017,117.699997,118.230003,117.120003,117.5,110.281975,1810700
2017/2/17,2017,117.660004,117.910004,117.269997,117.419998,110.206879,906000
2017/2/21,2017,117.300003,118.949997,117.040001,118.309998,111.042213,1600600
2017/2/22,2017,117.82,118.540001,117.550003,117.790001,110.554146,861700
2017/2/23,2017,118.010002,118.470001,117.660004,118.059998,110.807579,853800
2017/2/24,2017,117.110001,118.239998,116.830002,118.110001,110.8545,833400
2017/2/27,2017,118,119.709999,117.800003,118.519997,111.239304,1737000
2017/2/28,2017,118.07,119.120003,117.349998,118.709999,111.417633,1616100
2017/3/1,2017,119.779999,120.620003,119.32,120.360001,112.96627,1283100
2017/3/2,2017,120.330002,120.620003,118.68,118.779999,111.483337,1064600
2017/3/3,2017,118.029999,118.059998,117.370003,117.599998,111.11248,1076300
2017/3/6,2017,117.169998,118.32,117.139999,117.730003,111.235306,1203300
2017/3/7,2017,117.629997,119.040001,117.279999,118.790001,112.236847,1676500
2017/3/8,2017,118.199997,119.610001,118.160004,118.57,112.028969,2717000
2017/3/9,2017,118.150002,118.699997,116.610001,116.989998,110.536133,1728800
2017/3/10,2017,117.529999,117.68,116.879997,116.949997,110.498352,1407300
2017/3/13,2017,117.339996,117.339996,115.989998,116.720001,110.281044,1580600
2017/3/14,2017,116.419998,117.190002,116.220001,116.650002,110.214905,1455800
2017/3/15,2017,117.300003,118.949997,116.699997,118.620003,112.076218,1606300
2017/3/16,2017,118.690002,119.190002,117.040001,117.120003,110.658974,1567400
2017/3/17,2017,117.720001,118.480003,117.559998,118.32,111.79277,2297100
2017/3/20,2017,118.419998,118.709999,117.980003,118.239998,111.717178,643400
2017/3/21,2017,118.279999,118.639999,116.599998,116.949997,110.498352,1047100
2017/3/22,2017,116.75,117.480003,116.279999,117.07,110.61174,1103500
2017/3/23,2017,116.949997,118.150002,116.470001,117.639999,111.150276,781100
2017/3/24,2017,117.540001,118.120003,116.150002,116.410004,109.988136,850600
2017/3/27,2017,115.800003,118.220001,115.669998,117.889999,111.386497,1309200
2017/3/28,2017,118.559998,119.400002,117.739998,118.779999,112.227386,2120500
2017/3/29,2017,118.690002,119.610001,118.290001,118.379997,111.849457,1306000
2017/3/30,2017,118.120003,119.599998,118.040001,118.599998,112.05732,1732200
2017/3/31,2017,118.230003,119.470001,118.089996,118.599998,112.05732,1469700
2017/4/3,2017,118.75,119.25,117.110001,118,111.490433,1825500
2017/4/4,2017,118.459999,119.580002,118.07,119.269997,112.690369,1006400
2017/4/5,2017,120,120,117.900002,118.129997,111.613251,1440000
2017/4/6,2017,118.379997,119.75,118.199997,119.370003,112.784836,1238600
2017/4/7,2017,119.150002,119.5,118.459999,118.849998,112.293526,1076500
2017/4/10,2017,118.669998,119.93,118,119.57,112.973824,686500
2017/4/11,2017,119.230003,119.540001,118.639999,119.18,112.605324,1019400
2017/4/12,2017,118.690002,119.279999,118.050003,118.230003,111.707741,904000
2017/4/13,2017,118.010002,118.82,117.400002,117.470001,110.989662,818600
2017/4/17,2017,117.760002,118.839996,117.43,118.050003,111.537659,660900
2017/4/18,2017,118.050003,118.709999,117.610001,118.32,111.79277,1498300
2017/4/19,2017,119.199997,119.400002,117.849998,118.160004,111.641602,1120300
2017/4/20,2017,118.730003,120.050003,118.309998,119.730003,113.124977,1034700
2017/4/21,2017,119.709999,120.07,119.07,119.580002,112.983253,853900
2017/4/24,2017,121.440002,123.120003,121.099998,123.010002,116.224052,1896700
2017/4/25,2017,123.540001,124.75,123.150002,124.699997,117.820808,1672900
2017/4/26,2017,124.519997,125.910004,124.110001,125.110001,118.208191,1536000
2017/4/27,2017,123.199997,125.970001,120.019997,125.480003,118.557793,1653700
2017/4/28,2017,125.120003,125.669998,124.110001,124.980003,118.085365,1521100
2017/5/1,2017,125.389999,125.5,124.510002,124.959999,118.066467,939300
2017/5/2,2017,125.440002,125.620003,124.510002,125.57,118.642815,1291900
2017/5/3,2017,125.379997,125.860001,125.040001,125.529999,118.605019,1000200
2017/5/4,2017,125.790001,126.360001,125.43,126.32,119.351448,1459700
2017/5/5,2017,126.620003,129.529999,126.330002,129.479996,122.33712,2035500
2017/5/8,2017,128.389999,129.289993,128.320007,129.089996,121.968636,1005500
2017/5/9,2017,129.110001,129.429993,128.520004,128.619995,121.524551,861300
2017/5/10,2017,128.570007,129.210007,128.199997,129.169998,122.04422,830400
2017/5/11,2017,128.990005,129.339996,128,129.089996,121.968636,898500
2017/5/12,2017,128.690002,129.960007,128.630005,129.720001,122.563873,1110800
2017/5/15,2017,129.960007,130.440002,129.440002,130.169998,122.989044,2034700
2017/5/16,2017,130.320007,131.740005,130.320007,131.029999,123.801605,1764800
2017/5/17,2017,131.029999,131.029999,128.809998,128.820007,121.713547,1341600
2017/5/18,2017,124.459999,128.600006,122.900002,128.369995,121.288345,2094600
2017/5/19,2017,128.770004,129.589996,128.399994,129.229996,122.100929,1080900
2017/5/22,2017,129.949997,130.199997,129.210007,129.820007,122.658386,689000
2017/5/23,2017,130.149994,130.479996,129.330002,129.970001,122.800102,801100
2017/5/24,2017,130.020004,133.679993,129.410004,132.270004,124.973213,2260700
2017/5/25,2017,133.130005,133.199997,131.630005,131.929993,124.651955,1323900
2017/5/26,2017,131.839996,132.220001,131.389999,131.970001,124.689758,957200
2017/5/30,2017,131.639999,131.649994,130.990005,131.589996,124.330727,1721600
2017/5/31,2017,131.679993,132.380005,131.259995,132.289993,124.992104,1020100
2017/6/1,2017,132.5,138.690002,132.089996,134.089996,126.69281,2287500
2017/6/2,2017,134.570007,137.860001,134.160004,136.619995,129.083237,2348600
2017/6/5,2017,136,136.410004,133.220001,133.419998,126.790611,1766700
2017/6/6,2017,132.800003,134.149994,132.429993,133.289993,126.667061,1082800
2017/6/7,2017,134.559998,135.210007,132.690002,133.080002,126.467522,1729200
2017/6/8,2017,133.080002,133.320007,131.770004,132.979996,126.372452,1549700
2017/6/9,2017,133.559998,136.229996,133.539993,136.190002,129.422989,1837200
2017/6/12,2017,136.25,137,134.710007,134.970001,128.263611,1388400
2017/6/13,2017,134.800003,136.410004,134.759995,136.279999,129.508499,1013200
2017/6/14,2017,136.270004,136.460007,134.759995,135.190002,128.472656,870500
2017/6/15,2017,134.110001,135.130005,133.779999,134.860001,128.159058,1176800
2017/6/16,2017,135.339996,136.020004,134.630005,136,129.242416,1816900
2017/6/19,2017,136.5,136.960007,136.020004,136.460007,129.679565,1263200
2017/6/20,2017,135.889999,136.509995,134.570007,134.759995,128.064026,1461200
2017/6/21,2017,135.100006,135.270004,132.779999,132.860001,126.258438,1059200
2017/6/22,2017,132.860001,133.399994,132.289993,132.470001,125.887817,1975200
2017/6/23,2017,132.490005,133.809998,132.289993,132.800003,126.201431,1878800
2017/6/26,2017,133.149994,133.190002,132.220001,132.880005,126.277428,768600
2017/6/27,2017,133.309998,133.309998,132.029999,132.229996,125.659737,833800
2017/6/28,2017,133.309998,134.110001,132.660004,133.639999,126.999687,1133400
2017/6/29,2017,133.75,133.800003,131.100006,131.669998,125.127563,978300
2017/6/30,2017,131.940002,133.199997,131.339996,132.550003,125.963844,1502300
2017/7/3,2017,132.289993,134.820007,132.289993,134.179993,127.512856,903000
2017/7/5,2017,134.220001,134.539993,132.190002,132.660004,126.068375,1071600
2017/7/6,2017,132.449997,133.300003,132.330002,132.429993,125.849808,1598900
2017/7/7,2017,132.529999,133.270004,131.820007,133.059998,126.448494,1187700
2017/7/10,2017,132.649994,134.089996,132.490005,133.339996,126.714584,737700
2017/7/11,2017,133.289993,133.5,132.429993,132.960007,126.353477,657000
2017/7/12,2017,134.389999,134.479996,133.649994,133.820007,127.170738,1252700
2017/7/13,2017,133.779999,134.210007,133.289993,133.580002,126.94268,870700
2017/7/14,2017,134.059998,134.679993,133.550003,134.309998,127.636383,1078300
2017/7/17,2017,134.5,134.910004,134.089996,134.539993,127.854942,1190900
2017/7/18,2017,134.270004,134.490005,133.460007,134.160004,127.493851,848400
2017/7/19,2017,134.160004,135.699997,133.949997,135.619995,128.881271,726500
2017/7/20,2017,135.570007,135.899994,134.639999,135.210007,128.491699,925700
2017/7/21,2017,135.100006,135.309998,134.429993,134.740005,128.045013,813900
2017/7/24,2017,134.809998,135.570007,134.399994,135.220001,128.50116,917100
2017/7/25,2017,136.369995,136.589996,135.330002,135.860001,129.109344,1009800
2017/7/26,2017,135.339996,135.800003,134.380005,135.029999,128.320618,1141200
2017/7/27,2017,135,135.570007,131.800003,132.710007,126.115891,1812900
2017/7/28,2017,132.710007,133.360001,130.899994,132.259995,125.68824,1486900
2017/7/31,2017,132.460007,132.460007,129.460007,130.160004,123.692604,2094700
2017/8/1,2017,131.119995,132.270004,129.940002,130.710007,124.215263,1783300
2017/8/2,2017,130.649994,131,130.009995,130.600006,124.110733,963400
2017/8/3,2017,130.660004,130.820007,129.940002,130.320007,123.844666,698700
2017/8/4,2017,130.320007,130.710007,129.619995,130.149994,123.683098,1143600
2017/8/7,2017,130.389999,130.539993,129.889999,130.220001,123.749611,521900
2017/8/8,2017,130.089996,130.089996,128.259995,128.580002,122.191109,1137200
2017/8/9,2017,128.470001,128.960007,127.900002,128.860001,122.457199,1357700
2017/8/10,2017,128.490005,128.929993,127.580002,127.620003,121.278816,1130500
2017/8/11,2017,127.68,128.490005,127.360001,127.440002,121.10775,583000
2017/8/14,2017,128.529999,131.160004,128.529999,131.059998,124.547859,1648600
2017/8/15,2017,130.820007,131.679993,130.660004,131.470001,124.9375,1030100
2017/8/16,2017,131.639999,134.149994,131.600006,133.589996,126.952164,1771000
2017/8/17,2017,133.570007,133.820007,131.589996,131.789993,125.241592,980200
2017/8/18,2017,131.779999,132.479996,131,132.300003,125.726273,935100
2017/8/21,2017,131.619995,132.050003,130.979996,131.210007,124.69043,1034100
2017/8/22,2017,132.080002,133.190002,132.059998,132.75,126.153885,910500
2017/8/23,2017,132.630005,133.419998,131.690002,132.380005,125.802292,826800
2017/8/24,2017,132.729996,132.979996,131.809998,132.149994,125.583702,624200
2017/8/25,2017,132.369995,132.979996,132.080002,132.419998,125.840279,527600
2017/8/28,2017,132.600006,132.869995,131.520004,132.080002,125.517204,479000
2017/8/29,2017,130.149994,131.149994,129.740005,130.880005,124.376823,576400
2017/8/30,2017,130.880005,131.020004,129.940002,130.639999,124.148758,1885800
2017/8/31,2017,130.639999,131.660004,130.479996,131.539993,125.004021,1149400
2017/9/1,2017,131.149994,131.990005,130.679993,131.029999,124.519356,901200
2017/9/5,2017,130.759995,130.910004,129.830002,130.300003,123.825653,819100
2017/9/6,2017,130.910004,131.789993,130.729996,131.770004,125.222626,1671900
2017/9/7,2017,132.199997,132.600006,131.639999,132.240005,126.424805,1376300
2017/9/8,2017,131.889999,132.610001,131.639999,132.460007,126.635124,807000
2017/9/11,2017,132.490005,135.050003,132.490005,135.009995,129.072983,2149700
2017/9/12,2017,134.330002,135.860001,133.899994,134.820007,128.891357,1418500
2017/9/13,2017,134.449997,134.75,133.649994,134.149994,128.250809,858400
2017/9/14,2017,133.699997,134.550003,133.039993,134.089996,128.193451,1314400
2017/9/15,2017,134.190002,134.839996,133.419998,134.220001,128.317734,1840100
2017/9/18,2017,134.649994,134.979996,133.839996,134.740005,128.81485,1030800
2017/9/19,2017,135.070007,136.580002,134.660004,136.509995,130.507019,2031900
2017/9/20,2017,136.800003,138.720001,136.660004,137.990005,131.921936,1681400
2017/9/21,2017,138.100006,138.940002,137.820007,138.570007,132.47644,923200
2017/9/22,2017,138.479996,138.479996,137.25,137.600006,131.549133,922000
2017/9/25,2017,136.479996,137.820007,136.300003,137.699997,131.644684,1645300
2017/9/26,2017,138.5,140.639999,137.919998,138.429993,132.34259,1490300
2017/9/27,2017,139.210007,139.990005,137.320007,138.710007,132.610291,1480600
2017/9/28,2017,138.119995,141.070007,138.080002,141.059998,134.856949,1453000
2017/9/29,2017,141.25,141.880005,139.410004,139.740005,133.595001,1304300
2017/10/2,2017,139.589996,141.259995,139.240005,141.190002,134.981216,920200
2017/10/3,2017,141.009995,142.660004,140.5,142.490005,136.22406,1006300
2017/10/4,2017,142.5,142.970001,141.820007,142.350006,136.090225,739200
2017/10/5,2017,142.559998,142.729996,141.759995,142.350006,136.090225,803300
2017/10/6,2017,142.070007,142.380005,141.5,141.960007,135.717392,1190400
2017/10/9,2017,141.800003,141.869995,140.630005,140.869995,134.675308,579900
2017/10/10,2017,141.229996,141.919998,140.350006,140.619995,134.436279,879600
2017/10/11,2017,140.809998,141.259995,139.919998,141.179993,134.971664,781700
2017/10/12,2017,140.529999,141.979996,140.350006,141.869995,135.631287,880800
2017/10/13,2017,142.279999,142.869995,141.869995,142.210007,135.95639,648700
2017/10/16,2017,141.649994,142.039993,140.369995,141.289993,135.076828,746600
2017/10/17,2017,141.580002,141.830002,140.720001,141.440002,135.220276,633000
2017/10/18,2017,141.229996,141.229996,139.899994,139.899994,133.747955,937300
2017/10/19,2017,139.830002,140.740005,139.539993,140.410004,134.235519,881000
2017/10/20,2017,141.119995,143.139999,140.649994,143.139999,136.845505,1185000
2017/10/23,2017,143.669998,143.960007,142.440002,142.440002,136.17627,1225500
2017/10/24,2017,143.660004,144.580002,142.610001,142.949997,136.663818,1076000
2017/10/25,2017,142.979996,143.940002,142.440002,143.619995,137.304367,1424900
2017/10/26,2017,144.639999,149.910004,143.289993,149.600006,143.021408,2803700
2017/10/27,2017,149.25,149.770004,147.839996,148.139999,141.62561,2127100
2017/10/30,2017,148.710007,149.5,146.699997,147.449997,140.965958,1727100
2017/10/31,2017,147.850006,147.899994,146.100006,146.119995,139.694443,1533000
2017/11/1,2017,148.610001,148.789993,146.990005,147.919998,141.415283,1317700
2017/11/2,2017,147.570007,148.009995,146.5,147.899994,141.396149,1233600
2017/11/3,2017,147.610001,147.970001,146.479996,147.5,141.013733,1011800
2017/11/6,2017,147.5,148.009995,147.139999,147.470001,140.985062,615900
2017/11/7,2017,148,148.949997,147.559998,148.949997,142.399963,864000
2017/11/8,2017,149.050003,150.050003,148.690002,149.970001,143.375137,1759900
2017/11/9,2017,149.160004,150.25,148.350006,148.460007,141.931534,1908200
2017/11/10,2017,148.449997,148.649994,147.600006,148.279999,141.75943,1283200
2017/11/13,2017,146.389999,148.570007,145.740005,148.149994,141.635178,1455900
2017/11/14,2017,147.809998,147.830002,146.529999,147.630005,141.138046,1056100
2017/11/15,2017,147.210007,147.5,145.869995,146.169998,139.742233,1943800
2017/11/16,2017,147.5,149.080002,146.779999,149.039993,142.486023,1779900
2017/11/17,2017,149.110001,151.440002,149.039993,150.639999,144.015671,2930700
2017/11/20,2017,150.639999,151.179993,150.419998,150.869995,144.235565,1497800
2017/11/21,2017,151.360001,152.279999,150.789993,151.350006,144.694458,2127900
2017/11/22,2017,151.809998,152.490005,151.190002,151.720001,145.048157,2341000
2017/11/24,2017,153.050003,153.850006,152.759995,152.880005,146.15715,807800
2017/11/27,2017,153.419998,153.919998,151.869995,152.080002,145.392349,1253100
2017/11/28,2017,152.330002,156.399994,151.789993,156.360001,149.484146,2641100
2017/11/29,2017,156.270004,156.270004,154.330002,155.169998,148.346466,1301700
2017/11/30,2017,155.800003,155.970001,153.240005,153.919998,147.151428,3178300
2017/12/1,2017,153.729996,153.869995,151.529999,151.869995,145.191589,2270100
2017/12/4,2017,153.309998,154.360001,153,153.360001,146.616043,2300600
2017/12/5,2017,153.25,153.740005,152.710007,153.080002,146.348358,1308100
2017/12/6,2017,151.740005,152.039993,150.240005,150.389999,144.520126,1421200
2017/12/7,2017,150.630005,151.339996,150.279999,150.960007,145.067886,1647000
2017/12/8,2017,152.089996,152.320007,151.160004,151.410004,145.50032,1424900
2017/12/11,2017,152.100006,152.75,151.779999,152.259995,146.317123,3109400
2017/12/12,2017,151.919998,152.710007,150.809998,151.339996,145.433014,1508000
2017/12/13,2017,152.350006,152.350006,150.759995,151.270004,145.365799,1183600
2017/12/14,2017,151.410004,151.550003,148.75,149.139999,143.318909,2503200
2017/12/15,2017,149.660004,149.949997,148.779999,149.600006,143.760956,3631100
2017/12/18,2017,150.520004,153.449997,150.5,153.330002,147.345383,2350000
2017/12/19,2017,154.220001,154.509995,153.320007,154.169998,148.152557,1811200
2017/12/20,2017,154.619995,154.770004,153.740005,154.009995,147.998825,987300
2017/12/21,2017,154.470001,154.699997,153.649994,154.100006,148.085327,1363300
2017/12/22,2017,154.419998,154.610001,153.350006,153.839996,147.835449,509500
2017/12/26,2017,153.770004,153.770004,152.330002,152.610001,146.653488,1960800
2017/12/27,2017,153.070007,154.320007,152.75,154.190002,148.171799,1574900
2017/12/28,2017,154.419998,155.419998,153.729996,155.289993,149.228851,905800
2017/12/29,2017,155.149994,155.75,154.160004,154.679993,148.64267,1924300
2018/1/2,2018,154.759995,156.350006,153.309998,156.190002,150.093735,1067600
2018/1/3,2018,156.029999,157.690002,155.679993,157.5,151.352615,1427900
2018/1/4,2018,159.389999,161.339996,158.869995,159.970001,153.726196,1896800
2018/1/5,2018,161.770004,162.339996,160.559998,161.369995,155.071579,1699500
2018/1/8,2018,161.110001,161.649994,160.460007,161.309998,155.013901,936700
2018/1/9,2018,162.339996,164.490005,161.960007,162.880005,156.522629,3366400
2018/1/10,2018,162.699997,163.169998,161.5,162.619995,156.272766,2416800
2018/1/11,2018,164.110001,166.080002,163.309998,163.809998,157.416321,2007100
2018/1/12,2018,164.059998,165.119995,163.25,164.149994,157.743057,2644400
2018/1/16,2018,164.5,165.229996,160.220001,162.100006,155.773071,2754100
2018/1/17,2018,163.550003,164.229996,161.460007,163.460007,157.080002,1751900
2018/1/18,2018,162.979996,164.509995,161.399994,161.5,155.196487,1746700
2018/1/19,2018,162.199997,162.350006,161.289993,161.880005,155.561691,1678800
2018/1/22,2018,161.570007,161.699997,159.610001,160.619995,154.350845,1523400
2018/1/23,2018,159.660004,160.809998,158.509995,159.229996,153.015076,1775300
2018/1/24,2018,159.100006,162.039993,158.979996,160.869995,154.59108,3701100
2018/1/25,2018,166.259995,166.949997,161.800003,163.350006,156.974274,3391800
2018/1/26,2018,163.690002,166.240005,162.179993,165.690002,159.222946,1870000
2018/1/29,2018,165.199997,166.130005,160.710007,162.830002,156.474564,2982800
2018/1/30,2018,162.699997,162.940002,160.660004,160.720001,154.44693,2007700
2018/1/31,2018,161.429993,162.330002,160.039993,161.490005,155.18689,3570500
2018/2/1,2018,159.839996,160.899994,158.929993,159.830002,153.591644,1520800
2018/2/2,2018,156.720001,157.350006,154.949997,155.050003,148.998245,2086200
2018/2/5,2018,154.020004,156.839996,150.029999,150.320007,144.45285,2593900
2018/2/6,2018,150.149994,156.389999,148.020004,155.309998,149.248108,3718100
2018/2/7,2018,154.559998,154.779999,150,150.009995,144.154953,2248000
2018/2/8,2018,149.880005,150.619995,144.050003,144.070007,138.446808,2054300
2018/2/9,2018,145.289993,150.630005,144.699997,149.479996,143.645645,3116200
2018/2/12,2018,150.869995,154.979996,150.5,153.75,147.748962,3099700
2018/2/13,2018,152.729996,154.449997,152.080002,153.830002,147.825867,1402800
2018/2/14,2018,152.25,156.240005,152,155.070007,149.017487,1622000
2018/2/15,2018,156.270004,156.309998,153.119995,155.800003,149.718964,1634200
2018/2/16,2018,154.550003,155.130005,153.199997,153.610001,147.614456,1589400
2018/2/20,2018,152.25,154.259995,151.639999,153.600006,147.604828,2590500
2018/2/21,2018,153.470001,155.740005,152.740005,152.740005,146.778412,1834100
2018/2/22,2018,153.869995,154.960007,153.139999,153.669998,147.672119,1627100
2018/2/23,2018,154.309998,155.740005,152.550003,155.619995,149.54599,1593400
2018/2/26,2018,155.440002,155.979996,153.660004,155.830002,149.747803,1018600
2018/2/27,2018,154.899994,155.320007,153.550003,154,147.989212,1239400
2018/2/28,2018,154.149994,154.5,149.660004,149.75,143.905106,1541700
2018/3/1,2018,149.210007,150.080002,146.589996,147.919998,142.146515,1918000
2018/3/2,2018,147.240005,149.979996,146.649994,149.429993,143.597595,1420600
2018/3/5,2018,148.809998,153.419998,148.509995,152.740005,146.778412,1852900
2018/3/6,2018,153.059998,154.669998,151.770004,153.649994,148.454742,1470000
2018/3/7,2018,152.550003,155.800003,152.309998,155.100006,149.855728,1821700
2018/3/8,2018,155.740005,158.089996,155.440002,157.880005,152.541702,2190900
2018/3/9,2018,157.949997,160.179993,157.149994,160.089996,154.676956,1340300
2018/3/12,2018,162.649994,163.470001,160.119995,161.110001,155.662506,1787800
2018/3/13,2018,161.880005,161.990005,159.070007,160.369995,154.947479,1678500
2018/3/14,2018,160.940002,161.240005,157.479996,157.539993,152.213196,1611600
2018/3/15,2018,157.589996,158.429993,155.550003,155.669998,150.406448,1491600
2018/3/16,2018,154.649994,155.339996,153.149994,154.320007,149.102081,2276000
2018/3/19,2018,150.259995,152.309998,148.550003,149.580002,144.522369,2058400
2018/3/20,2018,150.580002,151.139999,149.869995,150.220001,145.140701,837700
2018/3/21,2018,150.600006,152.880005,149.990005,151.710007,146.580322,826700
2018/3/22,2018,150.059998,150.669998,145.899994,146.089996,141.150345,1351300
2018/3/23,2018,146.850006,147.550003,142.139999,142.550003,137.730057,1232100
2018/3/26,2018,145,146.460007,143.669998,146.110001,141.169693,1068200
2018/3/27,2018,146.179993,147.149994,143.149994,144.110001,139.237305,856500
2018/3/28,2018,144.449997,144.820007,141.360001,142.160004,137.353271,1236200
2018/3/29,2018,140.660004,145.360001,140.259995,144.300003,139.420868,1461000
2018/4/2,2018,144.020004,144.860001,140.610001,142.100006,137.295273,2028000
2018/4/3,2018,141.970001,144.240005,141.399994,143.639999,138.783188,1079000
2018/4/4,2018,141.119995,145.300003,140,145.020004,140.116501,1132800
2018/4/5,2018,146,147.830002,145.330002,146.710007,141.74939,988100
2018/4/6,2018,145.389999,146.520004,142.339996,143.179993,138.338745,1188600
2018/4/9,2018,144.050003,145.940002,142.809998,143.949997,139.082718,1231700
2018/4/10,2018,146.149994,148.190002,145.089996,146.690002,141.730057,1089400
2018/4/11,2018,145.240005,145.669998,144.100006,144.600006,139.710754,890700
2018/4/12,2018,145.410004,147.669998,144.789993,146.919998,141.952286,1001200
2018/4/13,2018,147.350006,147.759995,145.809998,146.529999,141.575485,716500
2018/4/16,2018,148,151.199997,147.009995,151.199997,146.08757,2211500
2018/4/17,2018,151.949997,155.160004,150.710007,154.919998,149.681778,2268500
2018/4/18,2018,154.809998,154.940002,153.039993,153.25,148.068268,971000
2018/4/19,2018,152.850006,152.850006,150.419998,151.559998,146.435394,839000
2018/4/20,2018,151.259995,151.360001,149.649994,150.679993,145.585159,974700
2018/4/23,2018,149.539993,150.729996,149.089996,150.360001,145.275955,865900
2018/4/24,2018,150.669998,151.240005,144.899994,146.779999,141.817017,1221000
2018/4/25,2018,152.440002,153.169998,148.580002,149.75,144.6866,2062400
2018/4/26,2018,151.440002,156.679993,150.080002,155.990005,150.715622,3037100
2018/4/27,2018,156,156.220001,151.779999,153.229996,148.04895,1734000
2018/4/30,2018,153.850006,153.850006,151.949997,152.520004,147.362946,1411300
2018/5/1,2018,152.050003,153.380005,151.059998,153.300003,148.116577,985100
2018/5/2,2018,153.889999,154.020004,150.789993,151.240005,146.126221,1591800
2018/5/3,2018,151.320007,154.220001,150.460007,152.839996,147.672119,1537900
2018/5/4,2018,151.619995,155.210007,151.330002,154.570007,149.343613,1066500
2018/5/7,2018,155.850006,157.050003,154.649994,155.259995,150.0103,897100
2018/5/8,2018,154.449997,155,153.320007,154,148.792908,1041200
2018/5/9,2018,154.979996,156.289993,153.240005,155.509995,150.251862,1365000
2018/5/10,2018,156.100006,157.990005,155.880005,157.050003,151.739777,1250200
2018/5/11,2018,156.929993,158.990005,156.520004,157.630005,152.30014,1166100
2018/5/14,2018,158.25,158.779999,157.389999,158.449997,153.092438,1150300
2018/5/15,2018,157.929993,158.649994,157.130005,158.580002,153.218033,1344600
2018/5/16,2018,158.460007,159.809998,158.130005,159,153.62384,1273400
2018/5/17,2018,159.009995,160.169998,158.520004,159.860001,154.454773,1520500
2018/5/18,2018,159.270004,160.360001,159.139999,159.539993,154.145584,1882500
2018/5/21,2018,160.550003,161.259995,160,160.470001,155.044144,746800
2018/5/22,2018,160.720001,161.690002,159.070007,159.210007,153.826736,1044300
2018/5/23,2018,158.259995,158.970001,157.100006,158.669998,153.304993,1375900
2018/5/24,2018,159.179993,159.270004,156.75,157.5,152.174561,1282400
2018/5/25,2018,156.869995,157.449997,155.550003,157.070007,151.759094,1094600
2018/5/29,2018,155.919998,156.550003,153.25,153.309998,148.126205,1318000
2018/5/30,2018,154.470001,156.660004,154.080002,156.490005,151.198715,1223300
2018/5/31,2018,156.809998,157.149994,155.460007,156.259995,150.976486,2504700
2018/6/1,2018,157.600006,158.529999,156.610001,157.800003,152.464417,1025200
2018/6/4,2018,158.5,158.919998,157.270004,157.529999,152.203552,641200
2018/6/5,2018,158.869995,160.229996,158.699997,159.509995,154.116577,1179300
2018/6/6,2018,159,162.529999,157.839996,162.270004,157.598373,1555000
2018/6/7,2018,160.889999,161.270004,159.25,159.770004,155.170364,1227000
2018/6/8,2018,159,160.089996,158.380005,159.830002,155.228638,1079700
2018/6/11,2018,159.970001,161.25,159.220001,160.570007,155.947327,1289000
2018/6/12,2018,160.990005,162.919998,160.449997,161.339996,156.695145,1179000
2018/6/13,2018,162,162.259995,160.210007,160.470001,155.850204,1048700
2018/6/14,2018,161.850006,162.589996,161.169998,161.550003,156.899094,1169000
2018/6/15,2018,161.080002,161.080002,159.029999,160.259995,155.64624,2856700
2018/6/18,2018,158.330002,158.669998,157.570007,158.470001,153.907776,972900
2018/6/19,2018,156.300003,156.369995,154.809998,155.309998,150.83876,1141300
2018/6/20,2018,155.509995,155.710007,154.220001,155.020004,150.557114,1173600
2018/6/21,2018,155.279999,156.389999,155.130005,155.869995,151.382645,2217100
2018/6/22,2018,156.820007,158.979996,156.710007,158.139999,153.587296,1341000
2018/6/25,2018,157.600006,157.600006,153.309998,154.800003,150.34346,1434500
2018/6/26,2018,155.009995,155.320007,153.520004,154.190002,149.751007,1026100
2018/6/27,2018,155.309998,157.259995,155.029999,155.539993,151.062134,1399300
2018/6/28,2018,155.880005,156.690002,154.350006,156.679993,152.169312,1349500
2018/6/29,2018,157.330002,159.770004,157.149994,158.149994,153.596985,1391000
2018/7/2,2018,157,158.699997,156.550003,158.279999,153.723267,1291900
2018/7/3,2018,158.699997,159.470001,157.050003,157.179993,152.654907,640000
2018/7/5,2018,162,163.169998,161.070007,161.880005,157.21962,1547900
2018/7/6,2018,161.990005,165.5,161.520004,164.039993,159.317429,1642500
2018/7/9,2018,165.080002,166.289993,164.809998,164.809998,160.065262,1293700
2018/7/10,2018,165.110001,166.710007,164.630005,166.470001,161.67746,2150100
2018/7/11,2018,163.179993,164.570007,162.619995,164.059998,159.336838,1518200
2018/7/12,2018,164.669998,166.169998,163.089996,165.889999,161.114166,1913100
2018/7/13,2018,165.149994,167.720001,164.809998,166.800003,161.997971,1501800
2018/7/16,2018,168.029999,168.539993,166.740005,167.039993,162.231064,1399500
2018/7/17,2018,167.050003,167.490005,166.300003,166.860001,162.056274,1854200
2018/7/18,2018,166.229996,167.050003,164.25,165.029999,160.278915,1641300
2018/7/19,2018,163.949997,165.330002,162.690002,165.259995,160.502289,1553400
2018/7/20,2018,163.179993,166.350006,163.149994,165.580002,160.813095,1326500
2018/7/23,2018,164.419998,164.809998,161.75,161.899994,157.239029,1745200
2018/7/24,2018,162.619995,164,162.410004,163.339996,158.637573,1685100
2018/7/25,2018,164.830002,166,162.960007,165.809998,161.036469,1562100
2018/7/26,2018,162.770004,167.389999,162.309998,166.449997,161.658051,2223000
2018/7/27,2018,166.520004,167.929993,165.570007,166.429993,161.638611,1470800
2018/7/30,2018,166.429993,167.850006,165,165.339996,160.580002,1268200
2018/7/31,2018,165.779999,167.960007,165.580002,167.5,162.677811,1673600
2018/8/1,2018,167.589996,167.929993,164.649994,165.479996,160.715958,1447600
2018/8/2,2018,164.100006,164.520004,162.910004,163.919998,159.200867,1597600
2018/8/3,2018,163.130005,164.419998,163.050003,164.210007,160.289276,1050100
2018/8/6,2018,154.259995,158.800003,153.520004,157.960007,154.188492,3928400
2018/8/7,2018,158.970001,159.839996,156.470001,157.029999,153.280701,2552900
2018/8/8,2018,157.410004,157.960007,156.490005,157.050003,153.300201,1740900
2018/8/9,2018,157,158.25,156.240005,157.149994,153.397842,1003300
2018/8/10,2018,155.830002,155.830002,154.130005,154.789993,151.094162,1303700
2018/8/13,2018,155.490005,156,153.589996,154.320007,150.635391,1337500
2018/8/14,2018,155.330002,155.820007,154.509995,155.339996,151.631027,1612000
2018/8/15,2018,154.130005,154.720001,152.520004,154.630005,150.938004,1352200
2018/8/16,2018,155.699997,155.940002,154.330002,154.529999,150.840378,1102400
2018/8/17,2018,154.160004,156.25,154.160004,156.039993,152.314331,1662800
2018/8/20,2018,156.639999,158.699997,156.639999,158.289993,154.51059,1161100
2018/8/21,2018,158.539993,159.25,157.960007,158.320007,154.539902,935200
2018/8/22,2018,157.910004,158.240005,154.929993,155.020004,151.318695,1229200
2018/8/23,2018,155,155.740005,154.089996,154.899994,151.201538,840400
2018/8/24,2018,155.410004,156.509995,154.520004,156.210007,152.480286,708000
2018/8/27,2018,156.970001,158.240005,156.880005,158.050003,154.276337,674200
2018/8/28,2018,158.5,159.100006,157.580002,158.350006,154.569183,1078100
2018/8/29,2018,158.539993,159.660004,157.789993,159.5,155.691711,685700
2018/8/30,2018,159.070007,159.350006,157.259995,157.889999,154.120163,805700
2018/8/31,2018,158.149994,159.059998,157.460007,158.190002,154.412994,1057800
2018/9/4,2018,157.869995,157.990005,155.119995,156.179993,152.450974,1577700
2018/9/5,2018,155.869995,156.960007,155.539993,156.139999,152.411957,1736100
2018/9/6,2018,156.529999,157.690002,155.330002,156.669998,152.929276,897600
2018/9/7,2018,156.339996,156.369995,154.570007,155.029999,151.328445,1225600
2018/9/10,2018,155.800003,156.470001,155.339996,155.869995,152.148392,645300
2018/9/11,2018,155.570007,157.440002,154.559998,157.080002,153.329498,1247500
2018/9/12,2018,156.960007,157.690002,156.429993,156.600006,152.860962,799700
2018/9/13,2018,158.070007,159.330002,157.289993,159.190002,155.389114,867900
2018/9/14,2018,159.679993,160.070007,156.839996,156.990005,153.241653,1675500
2018/9/17,2018,157.160004,159.080002,156.970001,158.020004,154.247055,1529500
2018/9/18,2018,158.580002,159.139999,157.910004,158.169998,154.393448,1104600
2018/9/19,2018,162.75,166.639999,162.75,164.369995,160.445419,2689100
2018/9/20,2018,165.369995,166.679993,163.929993,166.210007,162.241501,1624200
2018/9/21,2018,166.970001,167.949997,165.75,166.5,162.524582,2323000
2018/9/24,2018,165.990005,167.25,163.919998,164,160.084274,1609000
2018/9/25,2018,163.740005,164.809998,162.880005,163.059998,159.166733,1273900
2018/9/26,2018,162.710007,164.270004,161.899994,162.580002,158.698181,1309300
2018/9/27,2018,163,163.789993,161.940002,162.330002,158.454163,1314300
2018/9/28,2018,160.699997,162.139999,160.110001,160.729996,156.892334,1302400
2018/10/1,2018,165.580002,169.100006,165.289993,168.869995,164.838013,2329700
2018/10/2,2018,166.259995,169.259995,165.429993,169.029999,164.994171,1652300
2018/10/3,2018,169.75,169.75,167.179993,167.570007,163.569031,950500
2018/10/4,2018,166.820007,167,163.380005,165.830002,161.87056,1720100
2018/10/5,2018,164.149994,165.740005,163.649994,164.240005,160.318527,1538700
2018/10/8,2018,163.490005,164.910004,162.869995,164.309998,160.386871,1109000
2018/10/9,2018,162.899994,163.740005,161,161.179993,157.331589,1510400
2018/10/10,2018,161.210007,161.600006,157.940002,158.009995,154.237305,2222200
2018/10/11,2018,157.929993,158.210007,153.770004,154.259995,150.576828,1977000
2018/10/12,2018,156.820007,157.779999,155.330002,156.240005,152.509552,1840700
2018/10/15,2018,156.610001,159.289993,155.990005,156.789993,153.046402,2161500
2018/10/16,2018,157.720001,160.839996,157.220001,160.669998,156.833771,1297500
2018/10/17,2018,161.699997,162.25,159.089996,159.789993,155.974777,1540700
2018/10/18,2018,167.080002,167.520004,159.479996,161.360001,157.507294,3739600
2018/10/19,2018,161.460007,163.059998,159.289993,159.850006,156.033386,3012000
2018/10/22,2018,165.229996,168.949997,160.520004,166.880005,162.895523,7591100
2018/10/23,2018,164.839996,165.940002,161.600006,164.169998,160.250214,4959200
2018/10/24,2018,161.740005,164,160.779999,161.229996,157.380402,5610900
2018/10/25,2018,162.759995,166.360001,162.429993,165,161.060394,5105400
2018/10/26,2018,163.710007,167.110001,163.440002,164.940002,161.001846,35352000
2018/10/29,2018,166.220001,169.160004,164.589996,165.490005,161.538712,14032500
2018/10/30,2018,166.110001,167.669998,162.740005,164.5,160.572327,57375600
2018/10/31,2018,161.740005,165.600006,161.309998,165.470001,161.519165,18032200
2018/11/1,2018,164.660004,165.479996,161.940002,162,158.132034,11423500
2018/11/2,2018,160.660004,161.809998,155.440002,159.839996,156.02359,6835100
2018/11/5,2018,157.649994,162.190002,157.449997,161.990005,158.122269,4477400
2018/11/6,2018,161.830002,166.350006,161.669998,165.529999,161.577744,2510600
2018/11/7,2018,164.539993,166.850006,164.229996,166.850006,162.866226,7626300
2018/11/8,2018,164.5,166.149994,162.929993,165.300003,161.353241,4010000
2018/11/9,2018,162.990005,163.940002,160.550003,161.520004,157.663483,3249100
2018/11/12,2018,160.059998,162.300003,158.910004,159.220001,155.418411,1990800
2018/11/13,2018,160.220001,160.330002,156.529999,156.929993,153.18306,2507100
2018/11/14,2018,158.190002,158.240005,153,153.360001,149.698318,2338700
2018/11/15,2018,156.089996,156.300003,152.559998,155.179993,151.474838,2759400
2018/11/16,2018,153.740005,158.460007,153.399994,158.080002,154.305603,2726800
2018/11/19,2018,158.610001,161.449997,158.440002,159.5,155.691711,2464700
2018/11/20,2018,157.490005,160.190002,157.240005,157.869995,154.100632,2151600
2018/11/21,2018,159.240005,161.240005,158.550003,159.059998,155.262222,2070900
2018/11/23,2018,156.860001,158.009995,156.020004,156.190002,152.460754,963600
2018/11/26,2018,157.039993,158.220001,156.880005,157.320007,153.563766,2678200
2018/11/27,2018,155.660004,156.649994,151.520004,152.550003,148.907669,2525900
2018/11/28,2018,153.529999,156.479996,151.699997,156.289993,152.55835,1808800
2018/11/29,2018,155.509995,159.839996,155.350006,159.309998,155.506256,2901300
2018/11/30,2018,157.020004,160.610001,156.940002,159.050003,155.252457,3944100
2018/12/3,2018,162.300003,164.419998,159.919998,164.350006,160.425919,3177200
2018/12/4,2018,163.949997,164.289993,160.449997,160.830002,156.989975,2746100
2018/12/6,2018,158.529999,159.020004,153,155.979996,152.255768,4785400
2018/12/7,2018,156.220001,158.520004,152.360001,152.720001,149.073593,2518700
2018/12/10,2018,156.029999,157.539993,154.110001,156.910004,153.163559,2540400
2018/12/11,2018,161.160004,162.460007,156.649994,157.460007,153.700424,2552900
2018/12/12,2018,161.649994,162.139999,159.460007,160.550003,156.71666,2402600
2018/12/13,2018,160.399994,161.300003,157.300003,158.089996,154.315384,2456700
2018/12/14,2018,157.380005,158.470001,156.050003,156.929993,153.18306,2360800
2018/12/17,2018,157.190002,159.440002,155.589996,157.330002,154.385162,3148600
2018/12/18,2018,158.419998,158.889999,156.630005,157.610001,154.659912,2147000
2018/12/19,2018,157.399994,158.5,155.210007,155.830002,152.913239,2618700
2018/12/20,2018,154.479996,156.399994,152.440002,154.050003,151.16655,3398900
2018/12/21,2018,156.009995,157.479996,153.029999,153.110001,150.244141,5452000
2018/12/24,2018,152.699997,153.410004,148.130005,148.130005,145.357346,2086800
2018/12/26,2018,148.75,152.770004,145.949997,152.740005,149.881088,2591500
2018/12/27,2018,152.050003,156.410004,150.600006,156.410004,153.482376,2867000
2018/12/28,2018,157.100006,158.559998,155.039993,156.309998,153.384232,1586100
2018/12/31,2018,156.229996,157,153.940002,156.039993,153.119278,1853900
2019/1/2,2019,153.529999,158.160004,153.520004,157.199997,154.257584,1716400
2019/1/3,2019,154.059998,154.350006,151.929993,152.289993,149.439468,1775500
2019/1/4,2019,153.830002,157.619995,153.360001,156.630005,153.698257,1801300
2019/1/7,2019,155.779999,158.039993,155.149994,156.490005,153.560867,1830200
2019/1/8,2019,156.089996,158.559998,155.199997,158.149994,155.189804,2207300
2019/1/9,2019,156.729996,159.529999,156.330002,158.460007,155.494003,2099900
2019/1/10,2019,158.699997,161.979996,158.350006,161.850006,158.820557,2093900
2019/1/11,2019,160.559998,160.759995,159.369995,160.210007,157.211258,1380400
2019/1/14,2019,158.369995,159.5,157.699997,158.020004,155.062241,2004800
2019/1/15,2019,156.839996,157.869995,156.539993,157.229996,154.287033,2110700
2019/1/16,2019,157.529999,158.419998,157.080002,157.240005,154.296844,1382100
2019/1/17,2019,156.399994,157.649994,156.210007,157.259995,154.316467,2176500
2019/1/18,2019,158.759995,161.449997,158.009995,160.789993,157.780396,2494800
2019/1/22,2019,161.610001,161.779999,159.690002,160.839996,157.829453,1699100
2019/1/23,2019,160.570007,161.089996,157.460007,158.929993,155.9552,1569500
2019/1/24,2019,157.610001,157.910004,156.429993,157.369995,154.424408,2528000
2019/1/25,2019,158.690002,160.110001,158.639999,158.839996,155.866882,1242700
2019/1/28,2019,157.779999,158.389999,156.880005,158.210007,155.248688,1422500
2019/1/29,2019,159.570007,162,159.350006,161.220001,158.202347,1558300
2019/1/30,2019,161.789993,163.75,161.160004,162.919998,159.870529,1113500
2019/1/31,2019,161.179993,163.419998,159.630005,163.009995,159.958832,1645900
2019/2/1,2019,163.910004,165.899994,163.460007,165.759995,162.657349,1324300
2019/2/4,2019,165.479996,165.690002,163.220001,163.5,160.439667,2106500
2019/2/5,2019,165.259995,165.990005,163.800003,164.990005,161.901779,2358600
2019/2/6,2019,163.949997,164.619995,163.039993,163.419998,160.36116,1124800
2019/2/7,2019,161.75,162.240005,159.429993,160.690002,157.682251,1361000
2019/2/8,2019,160.070007,161.610001,159.080002,161.220001,158.202347,1557900
2019/2/11,2019,161.059998,161.619995,160.630005,161.350006,158.329926,1128400
2019/2/12,2019,164.130005,167.550003,163.889999,167.529999,164.394226,1772000
2019/2/13,2019,167.089996,168.490005,166.789993,167.380005,164.24704,1599300
2019/2/14,2019,166.649994,167.600006,165.929993,166.5,163.383514,1104100
2019/2/15,2019,170.539993,170.710007,167.770004,168.539993,165.385315,2573600
2019/2/19,2019,168,168.779999,167.559998,167.860001,164.718063,2221200
2019/2/20,2019,167.589996,171.009995,167.589996,170.300003,167.112396,2574800
2019/2/21,2019,170.979996,172.300003,170.539993,171.399994,168.191788,1736500
2019/2/22,2019,172.240005,173.740005,171.550003,173.5,170.252502,1075700
2019/2/25,2019,173.889999,175.009995,173.389999,174.619995,171.351517,1526800
2019/2/26,2019,173.789993,174.889999,173.449997,173.910004,170.654816,1739200
2019/2/27,2019,173.399994,175.119995,172.630005,174.5,171.233765,1451800
2019/2/28,2019,174.809998,174.929993,173.100006,173.240005,169.997345,1698300
2019/3/1,2019,176.360001,176.729996,167.860001,168.380005,165.228333,3033500
2019/3/4,2019,168.350006,168.910004,166.070007,168.699997,165.542328,1738100
2019/3/5,2019,168.350006,169.940002,168.350006,168.440002,165.287201,1205900
2019/3/6,2019,168.839996,169.679993,168.210007,169.130005,165.964279,986800
2019/3/7,2019,169.360001,169.360001,166.820007,167.470001,165.189987,1450100
2019/3/8,2019,168.75,169.520004,167.759995,169.460007,167.152893,1558400
2019/3/11,2019,169.479996,171.309998,169.419998,171.279999,168.94809,1188800
2019/3/12,2019,171.779999,172.899994,171.389999,172.320007,169.973953,1309200
2019/3/13,2019,174.009995,175.509995,173.639999,174.389999,172.015762,1538500
2019/3/14,2019,174.25,174.440002,173.169998,174.210007,171.838226,1033200
2019/3/15,2019,176.279999,176.960007,174.429993,176.429993,174.027969,3661400
2019/3/18,2019,174.75,174.949997,173.429993,174.550003,172.173584,1220400
2019/3/19,2019,175.350006,175.789993,172.619995,173.580002,171.216782,1251600
2019/3/20,2019,175.350006,176.869995,174.360001,176.630005,174.225281,1536400
2019/3/21,2019,174.339996,175.830002,173.699997,175.100006,172.716095,1146300
2019/3/22,2019,172.100006,172.759995,169.190002,169.860001,167.54744,1384000
2019/3/25,2019,170.970001,171.919998,169.559998,170,167.685532,1349700
2019/3/26,2019,170.889999,171.300003,169.690002,170.979996,168.652191,1408100
2019/3/27,2019,169.460007,170.050003,168.690002,169.479996,167.172607,1821400
2019/3/28,2019,170.960007,173.850006,170.729996,173.699997,171.335144,1892500
2019/3/29,2019,175.350006,176.100006,173.880005,175.929993,173.53479,2158100
2019/4/1,2019,176.839996,178.179993,176,176.580002,174.175949,1791900
2019/4/2,2019,177.330002,178.179993,176.690002,178.020004,175.596344,1179700
2019/4/3,2019,181.149994,184.529999,180.630005,182.740005,180.252106,2379600
2019/4/4,2019,183.570007,184.039993,182.419998,183.899994,181.396271,1471400
2019/4/5,2019,184.589996,185.429993,183.979996,184.619995,182.106476,1403400
2019/4/8,2019,185.899994,185.919998,184.149994,184.839996,182.323502,1138500
2019/4/9,2019,185.050003,185.050003,182.75,182.899994,180.409897,1388200
2019/4/10,2019,183.389999,183.589996,179.820007,181.020004,178.555496,2443700
2019/4/11,2019,181.679993,181.809998,179.770004,179.850006,177.401428,1916400
2019/4/12,2019,180.800003,181.130005,180.139999,180.350006,177.894623,1914500
2019/4/15,2019,180.139999,180.429993,179.139999,180.139999,177.687485,1448000
2019/4/16,2019,180.080002,180.679993,178.800003,180.619995,178.16095,1749700
2019/4/17,2019,180.639999,181.860001,179.399994,179.910004,177.460632,1663300
2019/4/18,2019,180.119995,180.789993,179.669998,180.399994,177.943924,1547300
2019/4/22,2019,179.850006,180.800003,178.830002,178.899994,176.46434,1002100
2019/4/23,2019,178.649994,179.720001,178.550003,179.330002,176.888504,1796500
2019/4/24,2019,179.009995,179.509995,177.509995,177.619995,175.201782,1780200
2019/4/25,2019,176.220001,176.75,174.919998,176.279999,173.880035,2229900
2019/4/26,2019,175.440002,178.259995,175.369995,178.259995,175.833054,1483900
2019/4/29,2019,176.789993,178.259995,176.490005,177.100006,174.688889,1195400
2019/4/30,2019,177.869995,180.559998,177.389999,180.259995,177.805847,1404200
2019/5/1,2019,179.889999,181.199997,178.009995,178.289993,175.862656,1018300
2019/5/2,2019,177.929993,180.490005,177.270004,180.490005,178.032715,1691000
2019/5/3,2019,179.679993,181.470001,179.240005,180.960007,178.496338,1248900
2019/5/6,2019,177.830002,179.330002,177.809998,178.630005,176.198044,1407000
2019/5/7,2019,176.580002,176.869995,172.910004,174.570007,172.193329,2049600
2019/5/8,2019,174.429993,177.529999,174.240005,176.539993,174.13649,1264600
2019/5/9,2019,173.199997,174.710007,171.600006,173.350006,170.989929,1999500
2019/5/10,2019,174.630005,182.220001,174.270004,181.589996,179.117737,2511800
2019/5/13,2019,179.740005,181.009995,177.820007,180.679993,178.220108,2328500
2019/5/14,2019,180.309998,182.360001,179.779999,180.919998,178.456863,2029300
2019/5/15,2019,178.570007,182.369995,178.320007,180.860001,178.397675,1184200
2019/5/16,2019,185.089996,188.970001,184.5,187.649994,185.09523,1866600
2019/5/17,2019,188.190002,189.449997,186.889999,189,186.426865,1737900
2019/5/20,2019,186,187.169998,184.649994,185.259995,182.737762,1383700
2019/5/21,2019,186.759995,187.440002,186.149994,187.270004,184.720413,1051500
2019/5/22,2019,187.869995,189.720001,187.179993,188.240005,185.6772,1334800
2019/5/23,2019,185.889999,187.039993,184.470001,185.080002,182.560226,1318500
2019/5/24,2019,187.369995,188.149994,185.850006,187.860001,185.302383,1025300
2019/5/28,2019,186.940002,187.779999,183.729996,184.309998,181.800705,1483100
2019/5/29,2019,181.460007,183.130005,181.210007,183.009995,180.518402,1405400
2019/5/30,2019,182.919998,184.210007,182.770004,183.410004,180.912964,1042000
2019/5/31,2019,180.300003,181.410004,179.869995,180.550003,178.945618,1757200
2019/6/3,2019,181.470001,187.410004,181.199997,187.279999,185.615799,2882600
2019/6/4,2019,187.809998,191.350006,185.679993,191.350006,189.649628,3115200
2019/6/5,2019,191.350006,192.800003,190.490005,192.75,191.037186,3708800
2019/6/6,2019,194.309998,198.059998,193.690002,197.350006,195.596329,3468200
2019/6/7,2019,200.149994,201.110001,197.630005,200.050003,198.272324,3613300
2019/6/10,2019,200.119995,202,198.229996,200.419998,198.639038,1197400
2019/6/11,2019,201.199997,201.820007,199.720001,200.789993,199.005737,1720000
2019/6/12,2019,201.580002,202.279999,200.970001,201.690002,199.897751,1956300
2019/6/13,2019,203.479996,203.889999,201.639999,202.740005,200.938431,2855100
2019/6/14,2019,202.660004,203.229996,201.429993,202.710007,200.908691,1524000
2019/6/17,2019,202.929993,203.610001,201.039993,201.259995,199.471558,1757200
2019/6/18,2019,204.179993,204.759995,202.710007,204.020004,202.207047,2006900
2019/6/19,2019,202.240005,202.470001,199.139999,200.589996,198.807526,1944700
2019/6/20,2019,203.649994,203.710007,201.5,202.339996,200.541962,1703300
2019/6/21,2019,202.639999,202.990005,202.029999,202.130005,200.333832,3770300
2019/6/24,2019,202.490005,203.869995,202.029999,203.380005,201.572739,1092500
2019/6/25,2019,204.320007,204.320007,202.710007,202.800003,200.997894,1118800
2019/6/26,2019,202.050003,202.309998,200.559998,200.600006,198.817444,1369900
2019/6/27,2019,198.699997,199.949997,198.460007,199.529999,197.756943,1532100
2019/6/28,2019,199.600006,201.720001,199.119995,200.800003,199.015656,6440600
2019/7/1,2019,203.020004,203.190002,201.509995,203,201.196121,1113300
2019/7/2,2019,202.009995,203.970001,201.529999,203.539993,201.731293,1722400
2019/7/3,2019,202,203.610001,201.710007,203.610001,201.80069,939500
2019/7/5,2019,201.100006,203.169998,200.100006,202.429993,200.631165,1741300
2019/7/8,2019,201.050003,203.639999,200.880005,201.669998,199.877914,1277100
2019/7/9,2019,202.419998,202.610001,200.710007,200.970001,199.184143,1160700
2019/7/10,2019,202.080002,202.649994,201.460007,201.770004,199.977051,1062000
2019/7/11,2019,201.440002,203.059998,201.029999,202.809998,201.007782,1225200
2019/7/12,2019,203.759995,204.720001,202.979996,203.979996,202.167389,1027600
2019/7/15,2019,204.190002,205.100006,203.710007,204.070007,202.256607,869000
2019/7/16,2019,204.130005,205.550003,202.449997,202.589996,200.789749,1073700
2019/7/17,2019,203.539993,203.850006,201.759995,201.820007,200.026611,986700
2019/7/18,2019,202.800003,203.679993,201.820007,203.639999,201.830429,1067500
2019/7/19,2019,202.990005,204.610001,202.630005,203.380005,201.572739,1228300
2019/7/22,2019,204.589996,204.990005,203.169998,203.580002,201.77095,653400
2019/7/23,2019,204.830002,206.820007,204.190002,206.820007,204.982162,1064800
2019/7/24,2019,204.059998,204.190002,202.199997,202.75,200.948334,1102800
2019/7/25,2019,200.389999,200.679993,196.529999,199.889999,198.113739,2084900
2019/7/26,2019,199.429993,201.149994,199.320007,200.960007,199.17424,1191200
2019/7/29,2019,199.770004,200.210007,199.25,199.770004,197.994812,1468200
2019/7/30,2019,195.809998,197.789993,195.75,196.5,194.75386,2466300
2019/7/31,2019,195.910004,196.190002,188.990005,191.279999,189.580261,4160900
2019/8/1,2019,189.610001,193.5,189.160004,190.419998,188.72789,3762800
2019/8/2,2019,188.779999,189.050003,185.830002,187.710007,186.041977,2556900
2019/8/5,2019,190,193.089996,189.220001,190.630005,188.936035,3074800
2019/8/6,2019,190.300003,190.330002,185.899994,188.759995,187.082642,2352000
2019/8/7,2019,187.050003,191.410004,186.619995,190.779999,189.084702,2078900
2019/8/8,2019,190.479996,193.429993,190,192.610001,190.898438,1927100
2019/8/9,2019,189.929993,192.800003,189.720001,191.970001,190.26413,1593900
2019/8/12,2019,193.020004,194.639999,192.009995,192.199997,190.492081,1621600
2019/8/13,2019,192.130005,195.610001,191.5,192.899994,191.185852,1678700
2019/8/14,2019,188.800003,190.320007,185.490005,185.639999,183.990372,2441100
2019/8/15,2019,185.710007,187.490005,185.070007,186.639999,184.981491,1508300
2019/8/16,2019,186.679993,189.130005,186.559998,188.789993,187.112366,1198900
2019/8/19,2019,189.240005,190.330002,188.309998,189.110001,187.429535,1232100
2019/8/20,2019,188.229996,189,186.300003,187.690002,186.022156,1364200
2019/8/21,2019,189.309998,189.949997,188.610001,188.740005,187.062836,1074700
2019/8/22,2019,188.550003,189,186.610001,187.130005,185.467148,1446700
2019/8/23,2019,185.639999,187.360001,181.600006,184.259995,182.622635,2119700
2019/8/26,2019,185.25,185.440002,183.830002,184.919998,183.276764,1226800
2019/8/27,2019,186.100006,186.399994,184.369995,184.740005,183.098373,1477100
2019/8/28,2019,184.690002,185.929993,183.860001,184.970001,183.326324,1122700
2019/8/29,2019,188.139999,188.440002,187.070007,187.660004,185.992416,1458900
2019/8/30,2019,188.5,189.240005,187.410004,188.910004,188.108414,1686800
2019/9/3,2019,187.270004,188.139999,186.199997,187.229996,186.435532,1370200
2019/9/4,2019,188.039993,188.899994,186.509995,187.559998,186.76413,1210400
2019/9/5,2019,188.699997,189.5,187.100006,187.100006,186.306091,1911200
2019/9/6,2019,188.520004,190.300003,187.970001,189.520004,188.71582,1066700
2019/9/9,2019,188.100006,188.440002,185.029999,185.210007,184.424118,2862300
2019/9/10,2019,184.110001,185.720001,183.259995,185.720001,184.931946,1788900
2019/9/11,2019,185.669998,187.729996,185.110001,187.610001,186.813919,1292100
2019/9/12,2019,190.649994,192.619995,189.320007,191.570007,190.757126,1640200
2019/9/13,2019,192.490005,193.710007,191.979996,192.160004,191.34462,1717100
2019/9/16,2019,191.600006,191.800003,187.75,188.520004,187.720062,1263900
2019/9/17,2019,190.339996,193.199997,189.75,192.240005,191.424286,1186700
2019/9/18,2019,193.449997,193.669998,191,192.660004,191.842499,1694800
2019/9/19,2019,195.690002,196.119995,193.919998,194.240005,193.415802,1601500
2019/9/20,2019,195.490005,196.25,193.100006,194.110001,193.286346,2475500
2019/9/23,2019,192.649994,194,192.550003,193.520004,192.698853,859600
2019/9/24,2019,193.169998,193.839996,190.850006,191.520004,190.707336,1539800
2019/9/25,2019,190.639999,192.869995,190.330002,192.25,191.434235,852100
2019/9/26,2019,193.039993,193.210007,191.479996,192.300003,191.484024,1345600
2019/9/27,2019,192.160004,192.75,190.580002,191.550003,190.737213,873900
2019/9/30,2019,192.520004,194.240005,192.179993,193.720001,192.897995,1027200
2019/10/1,2019,193.929993,194.020004,188.449997,188.550003,187.749939,1127500
2019/10/2,2019,185.929993,186,182.059998,184.110001,183.328781,1996200
2019/10/3,2019,183.860001,184.979996,182.279999,184.639999,183.856522,955600
2019/10/4,2019,185.660004,187.380005,184.220001,186.179993,185.389984,1498100
2019/10/7,2019,186,190.339996,185.830002,188.580002,187.779816,2744100
2019/10/8,2019,187.440002,187.449997,183.699997,184.110001,183.328781,1526600
2019/10/9,2019,186.110001,188.039993,185.679993,187.389999,186.594849,1266600
2019/10/10,2019,190.229996,192.059998,188.600006,191.229996,190.418564,1486200
2019/10/11,2019,192.679993,196.539993,192.350006,194.25,193.425751,1609600
2019/10/14,2019,194.300003,195.309998,192.460007,192.529999,191.713043,1213700
2019/10/15,2019,195.789993,198.029999,194.889999,195.179993,194.351791,1519300
2019/10/16,2019,197.800003,198.179993,196.139999,196.850006,196.014725,1570400
2019/10/17,2019,197.759995,198.979996,196.550003,196.639999,195.805603,958900
2019/10/18,2019,196.880005,197.240005,194.940002,195.789993,194.959213,1022800
2019/10/21,2019,195.940002,196.050003,194.330002,194.970001,194.1427,927900
2019/10/22,2019,193.080002,193.679993,191.399994,191.470001,190.657547,1429700
2019/10/23,2019,193.759995,194.869995,193.169998,193.699997,192.878082,1227900
2019/10/24,2019,194.309998,194.639999,192.690002,192.990005,192.171097,996600
2019/10/25,2019,194.389999,195.449997,194.039993,195,194.172562,1025000
2019/10/28,2019,196.309998,196.889999,195.679993,196.770004,195.935059,1216700
2019/10/29,2019,197.770004,201.309998,197.110001,199.110001,198.265121,1080100
2019/10/30,2019,197.869995,199.559998,196.300003,199.190002,198.344788,1110400
2019/10/31,2019,199.179993,199.25,196.949997,198.350006,197.508362,1303500
2019/11/1,2019,198.880005,200.050003,198.380005,198.800003,197.956451,812200
2019/11/4,2019,201.25,201.490005,200.119995,200.759995,199.908112,1086100
2019/11/5,2019,200.940002,201.479996,198.949997,200.309998,199.460037,1132900
2019/11/6,2019,201.110001,201.600006,200.110001,201.119995,200.266586,1084500
2019/11/7,2019,201.639999,202.720001,201.039993,202.600006,201.740326,1098200
2019/11/8,2019,203.600006,204.449997,202.309998,203,202.138626,966000
2019/11/11,2019,202.770004,203.320007,201.580002,202.289993,201.431625,881600
2019/11/12,2019,205.229996,207.710007,204.179993,205.759995,204.886902,1681200
2019/11/13,2019,207.199997,208.690002,206.75,207.820007,206.938171,1388200
2019/11/14,2019,207.089996,208.970001,206.740005,208.639999,207.754684,1003000
2019/11/15,2019,210,210.330002,208.330002,209.710007,208.82016,1772000
2019/11/18,2019,208.389999,209.960007,207.479996,209.110001,208.222687,1115900
2019/11/19,2019,210.199997,210.5,207.429993,207.429993,206.54982,1463700
2019/11/20,2019,207.020004,207.699997,205.559998,206.179993,205.305115,1234900
2019/11/21,2019,207.229996,207.809998,206.029999,206.259995,205.384781,1369500
2019/11/22,2019,205.410004,206.089996,204.660004,204.910004,204.040512,936700
2019/11/25,2019,204.740005,205.960007,204.240005,205.940002,205.066147,1418800
2019/11/26,2019,205.110001,205.979996,204.639999,205.139999,204.269531,1547400
2019/11/27,2019,203.960007,206.110001,203.809998,206,205.125885,1074000
2019/11/29,2019,205.389999,206.820007,205.160004,206.210007,205.335007,847600
2019/12/2,2019,202.850006,203.580002,199.830002,200.630005,200.630005,1718600
2019/12/3,2019,200.610001,202.559998,199.610001,202.039993,202.039993,1230600
2019/12/4,2019,204.300003,205.020004,202.669998,202.75,202.75,1384500
2019/12/5,2019,203.169998,204.059998,202.25,203.75,203.75,868700
2019/12/6,2019,205.600006,205.990005,204.600006,205.529999,205.529999,912300
2019/12/9,2019,206.860001,207,204.779999,205.330002,205.330002,1038300
2019/12/10,2019,204.699997,205.740005,203.830002,203.949997,203.949997,1135900
2019/12/11,2019,205.449997,206.360001,204.889999,205.639999,205.639999,1159200
2019/12/12,2019,207.089996,210.25,206.869995,209.919998,209.919998,1333000
2019/12/13,2019,211.110001,211.639999,208.380005,209.050003,209.050003,1527900
2019/12/16,2019,211.100006,211.169998,209.820007,210.020004,210.020004,1797200
2019/12/17,2019,210.380005,210.520004,208.710007,209.660004,209.660004,1433000
2019/12/18,2019,209.320007,209.330002,206.940002,208.330002,208.330002,1427300
2019/12/19,2019,207.940002,209.449997,207.660004,209.399994,209.399994,1205200
2019/12/20,2019,213.130005,213.940002,211.020004,212.110001,212.110001,3034100
2019/12/23,2019,212.080002,212.309998,211.100006,211.770004,211.770004,967400
2019/12/24,2019,211.570007,212.410004,210.669998,211.619995,211.619995,399900
2019/12/26,2019,211.699997,212.75,211.100006,212.75,212.75,481000
2019/12/27,2019,214.149994,214.259995,212.089996,212.259995,212.259995,825500
2019/12/30,2019,212.809998,212.899994,211.270004,211.490005,211.490005,807500
