High,Low,Open,Close,Volume,Adj Close,Return,Date,Week_Number,Year,mean_return,volatility
156.3500061,153.3099976,154.7599945,156.1900024,1067600,150.0937347,0,2018/1/2,0,2018,0.8205,0.641687619
157.6900024,155.6799927,156.0299988,157.5,1427900,151.3526154,0.839,2018/1/3,0,2018,0.8205,0.641687619
161.3399963,158.8699951,159.3899994,159.9700012,1896800,153.7261963,1.568,2018/1/4,0,2018,0.8205,0.641687619
162.3399963,160.5599976,161.7700043,161.3699951,1699500,155.071579,0.875,2018/1/5,0,2018,0.8205,0.641687619
161.6499939,160.4600067,161.1100006,161.3099976,936700,155.0139008,-0.037,2018/1/8,1,2018,0.3432,0.490880535
164.4900055,161.9600067,162.3399963,162.8800049,3366400,156.5226288,0.973,2018/1/9,1,2018,0.3432,0.490880535
163.1699982,161.5,162.6999969,162.6199951,2416800,156.2727661,-0.16,2018/1/10,1,2018,0.3432,0.490880535
166.0800018,163.3099976,164.1100006,163.8099976,2007100,157.4163208,0.732,2018/1/11,1,2018,0.3432,0.490880535
165.1199951,163.25,164.0599976,164.1499939,2644400,157.7430573,0.208,2018/1/12,1,2018,0.3432,0.490880535
165.2299957,160.2200012,164.5,162.1000061,2754100,155.7730713,-1.249,2018/1/16,2,2018,-0.3435,1.046387277
164.2299957,161.4600067,163.5500031,163.4600067,1751900,157.0800018,0.839,2018/1/17,2,2018,-0.3435,1.046387277
164.5099945,161.3999939,162.9799957,161.5,1746700,155.1964874,-1.199,2018/1/18,2,2018,-0.3435,1.046387277
162.3500061,161.2899933,162.1999969,161.8800049,1678800,155.5616913,0.235,2018/1/19,2,2018,-0.3435,1.046387277
161.6999969,159.6100006,161.5700073,160.6199951,1523400,154.3508453,-0.778,2018/1/22,3,2018,0.4724,1.196855589
160.8099976,158.5099945,159.6600037,159.2299957,1775300,153.0150757,-0.865,2018/1/23,3,2018,0.4724,1.196855589
162.0399933,158.9799957,159.1000061,160.8699951,3701100,154.5910797,1.03,2018/1/24,3,2018,0.4724,1.196855589
166.9499969,161.8000031,166.2599945,163.3500061,3391800,156.9742737,1.542,2018/1/25,3,2018,0.4724,1.196855589
166.2400055,162.1799927,163.6900024,165.6900024,1870000,159.2229462,1.433,2018/1/26,3,2018,0.4724,1.196855589
166.1300049,160.7100067,165.1999969,162.8300018,2982800,156.4745636,-1.726,2018/1/29,4,2018,-1.3124,1.252899557
162.9400024,160.6600037,162.6999969,160.7200012,2007700,154.4469299,-1.296,2018/1/30,4,2018,-1.3124,1.252899557
162.3300018,160.0399933,161.4299927,161.4900055,3570500,155.1868896,0.479,2018/1/31,4,2018,-1.3124,1.252899557
160.8999939,158.9299927,159.8399963,159.8300018,1520800,153.5916443,-1.028,2018/2/1,4,2018,-1.3124,1.252899557
157.3500061,154.9499969,156.7200012,155.0500031,2086200,148.9982452,-2.991,2018/2/2,4,2018,-1.3124,1.252899557
156.8399963,150.0299988,154.0200043,150.3200073,2593900,144.4528503,-3.051,2018/2/5,5,2018,-0.6698,3.857396622
156.3899994,148.0200043,150.1499939,155.3099976,3718100,149.2481079,3.32,2018/2/6,5,2018,-0.6698,3.857396622
154.7799988,150,154.5599976,150.0099945,2248000,144.154953,-3.413,2018/2/7,5,2018,-0.6698,3.857396622
150.6199951,144.0500031,149.8800049,144.0700073,2054300,138.4468079,-3.96,2018/2/8,5,2018,-0.6698,3.857396622
150.6300049,144.6999969,145.2899933,149.4799957,3116200,143.6456451,3.755,2018/2/9,5,2018,-0.6698,3.857396622
154.9799957,150.5,150.8699951,153.75,3099700,147.7489624,2.857,2018/2/12,6,2018,0.556,1.538488381
154.4499969,152.0800018,152.7299957,153.8300018,1402800,147.8258667,0.052,2018/2/13,6,2018,0.556,1.538488381
156.2400055,152,152.25,155.0700073,1622000,149.0174866,0.806,2018/2/14,6,2018,0.556,1.538488381
156.3099976,153.1199951,156.2700043,155.8000031,1634200,149.7189636,0.471,2018/2/15,6,2018,0.556,1.538488381
155.1300049,153.1999969,154.5500031,153.6100006,1589400,147.6144562,-1.406,2018/2/16,6,2018,0.556,1.538488381
154.2599945,151.6399994,152.25,153.6000061,2590500,147.6048279,-0.007,2018/2/20,7,2018,0.32775,0.788502959
155.7400055,152.7400055,153.4700012,152.7400055,1834100,146.7784119,-0.56,2018/2/21,7,2018,0.32775,0.788502959
154.9600067,153.1399994,153.8699951,153.6699982,1627100,147.6721191,0.609,2018/2/22,7,2018,0.32775,0.788502959
155.7400055,152.5500031,154.3099976,155.6199951,1593400,149.54599,1.269,2018/2/23,7,2018,0.32775,0.788502959
155.9799957,153.6600037,155.4400024,155.8300018,1018600,149.7478027,0.135,2018/2/26,8,2018,-0.8,1.444803274
155.3200073,153.5500031,154.8999939,154,1239400,147.989212,-1.174,2018/2/27,8,2018,-0.8,1.444803274
154.5,149.6600037,154.1499939,149.75,1541700,143.9051056,-2.76,2018/2/28,8,2018,-0.8,1.444803274
150.0800018,146.5899963,149.2100067,147.9199982,1918000,142.1465149,-1.222,2018/3/1,8,2018,-0.8,1.444803274
149.9799957,146.6499939,147.2400055,149.4299927,1420600,143.5975952,1.021,2018/3/2,8,2018,-0.8,1.444803274
153.4199982,148.5099945,148.8099976,152.7400055,1852900,146.7784119,2.215,2018/3/5,9,2018,1.4986,0.510827564
154.6699982,151.7700043,153.0599976,153.6499939,1470000,148.4547424,1.142,2018/3/6,9,2018,1.4986,0.510827564
155.8000031,152.3099976,152.5500031,155.1000061,1821700,149.8557281,0.944,2018/3/7,9,2018,1.4986,0.510827564
158.0899963,155.4400024,155.7400055,157.8800049,2190900,152.5417023,1.792,2018/3/8,9,2018,1.4986,0.510827564
160.1799927,157.1499939,157.9499969,160.0899963,1340300,154.6769562,1.4,2018/3/9,9,2018,1.4986,0.510827564
163.4700012,160.1199951,162.6499939,161.1100006,1787800,155.6625061,0.637,2018/3/12,10,2018,-0.7282,0.900132879
161.9900055,159.0700073,161.8800049,160.3699951,1678500,154.9474792,-0.459,2018/3/13,10,2018,-0.7282,0.900132879
161.2400055,157.4799957,160.9400024,157.5399933,1611600,152.2131958,-1.765,2018/3/14,10,2018,-0.7282,0.900132879
158.4299927,155.5500031,157.5899963,155.6699982,1491600,150.4064484,-1.187,2018/3/15,10,2018,-0.7282,0.900132879
155.3399963,153.1499939,154.6499939,154.3200073,2276000,149.1020813,-0.867,2018/3/16,10,2018,-0.7282,0.900132879
152.3099976,148.5500031,150.2599945,149.5800018,2058400,144.5223694,-3.072,2018/3/19,11,2018,-1.5558,2.126758613
151.1399994,149.8699951,150.5800018,150.2200012,837700,145.1407013,0.428,2018/3/20,11,2018,-1.5558,2.126758613
152.8800049,149.9900055,150.6000061,151.7100067,826700,146.5803223,0.992,2018/3/21,11,2018,-1.5558,2.126758613
150.6699982,145.8999939,150.0599976,146.0899963,1351300,141.1503448,-3.704,2018/3/22,11,2018,-1.5558,2.126758613
147.5500031,142.1399994,146.8500061,142.5500031,1232100,137.7300568,-2.423,2018/3/23,11,2018,-1.5558,2.126758613
146.4600067,143.6699982,145,146.1100006,1068200,141.169693,2.497,2018/3/26,12,2018,0.32,1.982860224
147.1499939,143.1499939,146.1799927,144.1100006,856500,139.2373047,-1.369,2018/3/27,12,2018,0.32,1.982860224
144.8200073,141.3600006,144.4499969,142.1600037,1236200,137.3532715,-1.353,2018/3/28,12,2018,0.32,1.982860224
145.3600006,140.2599945,140.6600037,144.3000031,1461000,139.4208679,1.505,2018/3/29,12,2018,0.32,1.982860224
144.8600006,140.6100006,144.0200043,142.1000061,2028000,137.2952728,-1.525,2018/4/2,13,2018,-0.1442,1.693095892
144.2400055,141.3999939,141.9700012,143.6399994,1079000,138.7831879,1.084,2018/4/3,13,2018,-0.1442,1.693095892
145.3000031,140,141.1199951,145.0200043,1132800,140.1165009,0.961,2018/4/4,13,2018,-0.1442,1.693095892
147.8300018,145.3300018,146,146.7100067,988100,141.7493896,1.165,2018/4/5,13,2018,-0.1442,1.693095892
146.5200043,142.3399963,145.3899994,143.1799927,1188600,138.3387451,-2.406,2018/4/6,13,2018,-0.1442,1.693095892
145.9400024,142.8099976,144.0500031,143.9499969,1231700,139.0827179,0.538,2018/4/9,14,2018,0.471,1.367051023
148.1900024,145.0899963,146.1499939,146.6900024,1089400,141.7300568,1.903,2018/4/10,14,2018,0.471,1.367051023
145.6699982,144.1000061,145.2400055,144.6000061,890700,139.7107544,-1.425,2018/4/11,14,2018,0.471,1.367051023
147.6699982,144.7899933,145.4100037,146.9199982,1001200,141.9522858,1.604,2018/4/12,14,2018,0.471,1.367051023
147.7599945,145.8099976,147.3500061,146.5299988,716500,141.5754852,-0.265,2018/4/13,14,2018,0.471,1.367051023
151.1999969,147.0099945,148,151.1999969,2211500,146.0875702,3.187,2018/4/16,15,2018,0.577,2.077268519
155.1600037,150.7100067,151.9499969,154.9199982,2268500,149.681778,2.46,2018/4/17,15,2018,0.577,2.077268519
154.9400024,153.0399933,154.8099976,153.25,971000,148.0682678,-1.078,2018/4/18,15,2018,0.577,2.077268519
152.8500061,150.4199982,152.8500061,151.5599976,839000,146.4353943,-1.103,2018/4/19,15,2018,0.577,2.077268519
151.3600006,149.6499939,151.2599945,150.6799927,974700,145.5851593,-0.581,2018/4/20,15,2018,0.577,2.077268519
150.7299957,149.0899963,149.5399933,150.3600006,865900,145.2759552,-0.212,2018/4/23,16,2018,0.3656,2.721744257
151.2400055,144.8999939,150.6699982,146.7799988,1221000,141.8170166,-2.381,2018/4/24,16,2018,0.3656,2.721744257
153.1699982,148.5800018,152.4400024,149.75,2062400,144.6865997,2.023,2018/4/25,16,2018,0.3656,2.721744257
156.6799927,150.0800018,151.4400024,155.9900055,3037100,150.7156219,4.167,2018/4/26,16,2018,0.3656,2.721744257
156.2200012,151.7799988,156,153.2299957,1734000,148.0489502,-1.769,2018/4/27,16,2018,0.3656,2.721744257
153.8500061,151.9499969,153.8500061,152.5200043,1411300,147.3629456,-0.463,2018/4/30,17,2018,0.1788,1.06333988
153.3800049,151.0599976,152.0500031,153.3000031,985100,148.1165771,0.511,2018/5/1,17,2018,0.1788,1.06333988
154.0200043,150.7899933,153.8899994,151.2400055,1591800,146.1262207,-1.344,2018/5/2,17,2018,0.1788,1.06333988
154.2200012,150.4600067,151.3200073,152.8399963,1537900,147.6721191,1.058,2018/5/3,17,2018,0.1788,1.06333988
155.2100067,151.3300018,151.6199951,154.5700073,1066500,149.3436127,1.132,2018/5/4,17,2018,0.1788,1.06333988
157.0500031,154.6499939,155.8500061,155.2599945,897100,150.0102997,0.446,2018/5/7,18,2018,0.3948,0.734429506
155,153.3200073,154.4499969,154,1041200,148.7929077,-0.812,2018/5/8,18,2018,0.3948,0.734429506
156.2899933,153.2400055,154.9799957,155.5099945,1365000,150.2518616,0.981,2018/5/9,18,2018,0.3948,0.734429506
157.9900055,155.8800049,156.1000061,157.0500031,1250200,151.7397766,0.99,2018/5/10,18,2018,0.3948,0.734429506
158.9900055,156.5200043,156.9299927,157.6300049,1166100,152.3001404,0.369,2018/5/11,18,2018,0.3948,0.734429506
158.7799988,157.3899994,158.25,158.4499969,1150300,153.0924377,0.52,2018/5/14,19,2018,0.2416,0.311519341
158.6499939,157.1300049,157.9299927,158.5800018,1344600,153.2180328,0.082,2018/5/15,19,2018,0.2416,0.311519341
159.8099976,158.1300049,158.4600067,159,1273400,153.6238403,0.265,2018/5/16,19,2018,0.2416,0.311519341
160.1699982,158.5200043,159.0099945,159.8600006,1520500,154.4547729,0.541,2018/5/17,19,2018,0.2416,0.311519341
160.3600006,159.1399994,159.2700043,159.5399933,1882500,154.1455841,-0.2,2018/5/18,19,2018,0.2416,0.311519341
161.2599945,160,160.5500031,160.4700012,746800,155.0441437,0.583,2018/5/21,20,2018,-0.3102,0.549457187
161.6900024,159.0700073,160.7200012,159.2100067,1044300,153.8267365,-0.785,2018/5/22,20,2018,-0.3102,0.549457187
158.9700012,157.1000061,158.2599945,158.6699982,1375900,153.3049927,-0.339,2018/5/23,20,2018,-0.3102,0.549457187
159.2700043,156.75,159.1799927,157.5,1282400,152.1745605,-0.737,2018/5/24,20,2018,-0.3102,0.549457187
157.4499969,155.5500031,156.8699951,157.0700073,1094600,151.7590942,-0.273,2018/5/25,20,2018,-0.3102,0.549457187
156.5500031,153.25,155.9199982,153.3099976,1318000,148.1262054,-2.394,2018/5/29,21,2018,0.12975,1.911297705
156.6600037,154.0800018,154.4700012,156.4900055,1223300,151.1987152,2.074,2018/5/30,21,2018,0.12975,1.911297705
157.1499939,155.4600067,156.8099976,156.2599945,2504700,150.9764862,-0.147,2018/5/31,21,2018,0.12975,1.911297705
158.5299988,156.6100006,157.6000061,157.8000031,1025200,152.4644165,0.986,2018/6/1,21,2018,0.12975,1.911297705
158.9199982,157.2700043,158.5,157.5299988,641200,152.2035522,-0.171,2018/6/4,22,2018,0.3684,1.449991655
160.2299957,158.6999969,158.8699951,159.5099945,1179300,154.1165771,1.257,2018/6/5,22,2018,0.3684,1.449991655
162.5299988,157.8399963,159,162.2700043,1555000,157.5983734,2.259,2018/6/6,22,2018,0.3684,1.449991655
161.2700043,159.25,160.8899994,159.7700043,1227000,155.1703644,-1.541,2018/6/7,22,2018,0.3684,1.449991655
160.0899963,158.3800049,159,159.8300018,1079700,155.2286377,0.038,2018/6/8,22,2018,0.3684,1.449991655
161.25,159.2200012,159.9700012,160.5700073,1289000,155.9473267,0.463,2018/6/11,23,2018,0.0556,0.672897318
162.9199982,160.4499969,160.9900055,161.3399963,1179000,156.6951447,0.48,2018/6/12,23,2018,0.0556,0.672897318
162.2599945,160.2100067,162,160.4700012,1048700,155.8502045,-0.539,2018/6/13,23,2018,0.0556,0.672897318
162.5899963,161.1699982,161.8500061,161.5500031,1169000,156.8990936,0.673,2018/6/14,23,2018,0.0556,0.672897318
161.0800018,159.0299988,161.0800018,160.2599945,2856700,155.6462402,-0.799,2018/6/15,23,2018,0.0556,0.672897318
158.6699982,157.5700073,158.3300018,158.4700012,972900,153.9077759,-1.117,2018/6/18,24,2018,-0.2588,1.354995092
156.3699951,154.8099976,156.3000031,155.3099976,1141300,150.8387604,-1.994,2018/6/19,24,2018,-0.2588,1.354995092
155.7100067,154.2200012,155.5099945,155.0200043,1173600,150.5571136,-0.187,2018/6/20,24,2018,-0.2588,1.354995092
156.3899994,155.1300049,155.2799988,155.8699951,2217100,151.3826447,0.548,2018/6/21,24,2018,-0.2588,1.354995092
158.9799957,156.7100067,156.8200073,158.1399994,1341000,153.5872955,1.456,2018/6/22,24,2018,-0.2588,1.354995092
157.6000061,153.3099976,157.6000061,154.8000031,1434500,150.3434601,-2.112,2018/6/25,25,2018,0.0082,1.303835956
155.3200073,153.5200043,155.0099945,154.1900024,1026100,149.7510071,-0.394,2018/6/26,25,2018,0.0082,1.303835956
157.2599945,155.0299988,155.3099976,155.5399933,1399300,151.0621338,0.876,2018/6/27,25,2018,0.0082,1.303835956
156.6900024,154.3500061,155.8800049,156.6799927,1349500,152.1693115,0.733,2018/6/28,25,2018,0.0082,1.303835956
159.7700043,157.1499939,157.3300018,158.1499939,1391000,153.5969849,0.938,2018/6/29,25,2018,0.0082,1.303835956
158.6999969,156.5500031,157,158.2799988,1291900,153.7232666,0.082,2018/7/2,26,2018,0.92775,1.608987751
159.4700012,157.0500031,158.6999969,157.1799927,640000,152.6549072,-0.695,2018/7/3,26,2018,0.92775,1.608987751
163.1699982,161.0700073,162,161.8800049,1547900,157.2196198,2.99,2018/7/5,26,2018,0.92775,1.608987751
165.5,161.5200043,161.9900055,164.0399933,1642500,159.3174286,1.334,2018/7/6,26,2018,0.92775,1.608987751
166.2899933,164.8099976,165.0800018,164.8099976,1293700,160.0652618,0.469,2018/7/9,27,2018,0.3384,1.03715563
166.7100067,164.6300049,165.1100006,166.4700012,2150100,161.6774597,1.007,2018/7/10,27,2018,0.3384,1.03715563
164.5700073,162.6199951,163.1799927,164.0599976,1518200,159.3368378,-1.448,2018/7/11,27,2018,0.3384,1.03715563
166.1699982,163.0899963,164.6699982,165.8899994,1913100,161.1141663,1.115,2018/7/12,27,2018,0.3384,1.03715563
167.7200012,164.8099976,165.1499939,166.8000031,1501800,161.9979706,0.549,2018/7/13,27,2018,0.3384,1.03715563
168.5399933,166.7400055,168.0299988,167.0399933,1399500,162.2310638,0.144,2018/7/16,28,2018,-0.1456,0.544694685
167.4900055,166.3000031,167.0500031,166.8600006,1854200,162.0562744,-0.108,2018/7/17,28,2018,-0.1456,0.544694685
167.0500031,164.25,166.2299957,165.0299988,1641300,160.2789154,-1.097,2018/7/18,28,2018,-0.1456,0.544694685
165.3300018,162.6900024,163.9499969,165.2599945,1553400,160.5022888,0.139,2018/7/19,28,2018,-0.1456,0.544694685
166.3500061,163.1499939,163.1799927,165.5800018,1326500,160.8130951,0.194,2018/7/20,28,2018,-0.1456,0.544694685
164.8099976,161.75,164.4199982,161.8999939,1745200,157.2390289,-2.222,2018/7/23,29,2018,0.1106,1.423176658
164,162.4100037,162.6199951,163.3399963,1685100,158.6375732,0.889,2018/7/24,29,2018,0.1106,1.423176658
166,162.9600067,164.8300018,165.8099976,1562100,161.0364685,1.512,2018/7/25,29,2018,0.1106,1.423176658
167.3899994,162.3099976,162.7700043,166.4499969,2223000,161.6580505,0.386,2018/7/26,29,2018,0.1106,1.423176658
167.9299927,165.5700073,166.5200043,166.4299927,1470800,161.6386108,-0.012,2018/7/27,29,2018,0.1106,1.423176658
167.8500061,165,166.4299927,165.3399963,1268200,160.5800018,-0.655,2018/7/30,30,2018,-0.1628,1.097005333
167.9600067,165.5800018,165.7799988,167.5,1673600,162.6778107,1.306,2018/7/31,30,2018,-0.1628,1.097005333
167.9299927,164.6499939,167.5899963,165.4799957,1447600,160.7159576,-1.206,2018/8/1,30,2018,-0.1628,1.097005333
164.5200043,162.9100037,164.1000061,163.9199982,1597600,159.2008667,-0.943,2018/8/2,30,2018,-0.1628,1.097005333
164.4199982,163.0500031,163.1300049,164.2100067,1050100,160.2892761,0.684,2018/8/3,30,2018,-0.1628,1.097005333
158.8000031,153.5200043,154.2599945,157.9600067,3928400,154.1884918,-3.806,2018/8/6,31,2018,-1.164,1.606109118
159.8399963,156.4700012,158.9700012,157.0299988,2552900,153.2807007,-0.589,2018/8/7,31,2018,-1.164,1.606109118
157.9600067,156.4900055,157.4100037,157.0500031,1740900,153.3002014,0.013,2018/8/8,31,2018,-1.164,1.606109118
158.25,156.2400055,157,157.1499939,1003300,153.3978424,0.064,2018/8/9,31,2018,-1.164,1.606109118
155.8300018,154.1300049,155.8300018,154.7899933,1303700,151.094162,-1.502,2018/8/10,31,2018,-1.164,1.606109118
156,153.5899963,155.4900055,154.3200073,1337500,150.6353912,-0.304,2018/8/13,32,2018,0.1624,0.625514029
155.8200073,154.5099945,155.3300018,155.3399963,1612000,151.6310272,0.661,2018/8/14,32,2018,0.1624,0.625514029
154.7200012,152.5200043,154.1300049,154.6300049,1352200,150.9380035,-0.457,2018/8/15,32,2018,0.1624,0.625514029
155.9400024,154.3300018,155.6999969,154.5299988,1102400,150.8403778,-0.065,2018/8/16,32,2018,0.1624,0.625514029
156.25,154.1600037,154.1600037,156.0399933,1662800,152.3143311,0.977,2018/8/17,32,2018,0.1624,0.625514029
158.6999969,156.6399994,156.6399994,158.2899933,1161100,154.5105896,1.442,2018/8/20,33,2018,0.0292,1.336054153
159.25,157.9600067,158.5399933,158.3200073,935200,154.5399017,0.019,2018/8/21,33,2018,0.0292,1.336054153
158.2400055,154.9299927,157.9100037,155.0200043,1229200,151.3186951,-2.084,2018/8/22,33,2018,0.0292,1.336054153
155.7400055,154.0899963,155,154.8999939,840400,151.2015381,-0.077,2018/8/23,33,2018,0.0292,1.336054153
156.5099945,154.5200043,155.4100037,156.2100067,708000,152.4802856,0.846,2018/8/24,33,2018,0.0292,1.336054153
158.2400055,156.8800049,156.9700012,158.0500031,674200,154.2763367,1.178,2018/8/27,34,2018,0.255,0.818522449
159.1000061,157.5800018,158.5,158.3500061,1078100,154.5691833,0.19,2018/8/28,34,2018,0.255,0.818522449
159.6600037,157.7899933,158.5399933,159.5,685700,155.6917114,0.726,2018/8/29,34,2018,0.255,0.818522449
159.3500061,157.2599945,159.0700073,157.8899994,805700,154.120163,-1.009,2018/8/30,34,2018,0.255,0.818522449
159.0599976,157.4600067,158.1499939,158.1900024,1057800,154.4129944,0.19,2018/8/31,34,2018,0.255,0.818522449
157.9900055,155.1199951,157.8699951,156.1799927,1577700,152.4509735,-1.271,2018/9/4,35,2018,-0.50125,0.779367425
156.9600067,155.5399933,155.8699951,156.1399994,1736100,152.4119568,-0.026,2018/9/5,35,2018,-0.50125,0.779367425
157.6900024,155.3300018,156.5299988,156.6699982,897600,152.9292755,0.339,2018/9/6,35,2018,-0.50125,0.779367425
156.3699951,154.5700073,156.3399963,155.0299988,1225600,151.3284454,-1.047,2018/9/7,35,2018,-0.50125,0.779367425
156.4700012,155.3399963,155.8000031,155.8699951,645300,152.1483917,0.542,2018/9/10,36,2018,0.2568,1.151681901
157.4400024,154.5599976,155.5700073,157.0800018,1247500,153.3294983,0.776,2018/9/11,36,2018,0.2568,1.151681901
157.6900024,156.4299927,156.9600067,156.6000061,799700,152.8609619,-0.306,2018/9/12,36,2018,0.2568,1.151681901
159.3300018,157.2899933,158.0700073,159.1900024,867900,155.3891144,1.654,2018/9/13,36,2018,0.2568,1.151681901
160.0700073,156.8399963,159.6799927,156.9900055,1675500,153.2416534,-1.382,2018/9/14,36,2018,0.2568,1.151681901
159.0800018,156.9700012,157.1600037,158.0200043,1529500,154.2470551,0.656,2018/9/17,37,2018,1.1928,1.579108831
159.1399994,157.9100037,158.5800018,158.1699982,1104600,154.3934479,0.095,2018/9/18,37,2018,1.1928,1.579108831
166.6399994,162.75,162.75,164.3699951,2689100,160.4454193,3.92,2018/9/19,37,2018,1.1928,1.579108831
166.6799927,163.9299927,165.3699951,166.2100067,1624200,162.2415009,1.119,2018/9/20,37,2018,1.1928,1.579108831
167.9499969,165.75,166.9700012,166.5,2323000,162.5245819,0.174,2018/9/21,37,2018,1.1928,1.579108831
167.25,163.9199982,165.9900055,164,1609000,160.0842743,-1.502,2018/9/24,38,2018,-0.7018,0.548649433
164.8099976,162.8800049,163.7400055,163.0599976,1273900,159.1667328,-0.573,2018/9/25,38,2018,-0.7018,0.548649433
164.2700043,161.8999939,162.7100067,162.5800018,1309300,158.6981812,-0.294,2018/9/26,38,2018,-0.7018,0.548649433
163.7899933,161.9400024,163,162.3300018,1314300,158.4541626,-0.154,2018/9/27,38,2018,-0.7018,0.548649433
162.1399994,160.1100006,160.6999969,160.7299957,1302400,156.892334,-0.986,2018/9/28,38,2018,-0.7018,0.548649433
169.1000061,165.2899933,165.5800018,168.8699951,2329700,164.8380127,5.064,2018/10/1,39,2018,0.4596,2.614411081
169.2599945,165.4299927,166.2599945,169.0299988,1652300,164.9941711,0.095,2018/10/2,39,2018,0.4596,2.614411081
169.75,167.1799927,169.75,167.5700073,950500,163.5690308,-0.864,2018/10/3,39,2018,0.4596,2.614411081
167,163.3800049,166.8200073,165.8300018,1720100,161.8705597,-1.038,2018/10/4,39,2018,0.4596,2.614411081
165.7400055,163.6499939,164.1499939,164.2400055,1538700,160.3185272,-0.959,2018/10/5,39,2018,0.4596,2.614411081
164.9100037,162.8699951,163.4900055,164.3099976,1109000,160.3868713,0.043,2018/10/8,40,2018,-0.9836,1.576578828
163.7400055,161,162.8999939,161.1799927,1510400,157.3315887,-1.905,2018/10/9,40,2018,-0.9836,1.576578828
161.6000061,157.9400024,161.2100067,158.0099945,2222200,154.2373047,-1.967,2018/10/10,40,2018,-0.9836,1.576578828
158.2100067,153.7700043,157.9299927,154.2599945,1977000,150.576828,-2.373,2018/10/11,40,2018,-0.9836,1.576578828
157.7799988,155.3300018,156.8200073,156.2400055,1840700,152.509552,1.284,2018/10/12,40,2018,-0.9836,1.576578828
159.2899933,155.9900055,156.6100006,156.7899933,2161500,153.046402,0.352,2018/10/15,41,2018,0.4652,1.351865637
160.8399963,157.2200012,157.7200012,160.6699982,1297500,156.8337708,2.475,2018/10/16,41,2018,0.4652,1.351865637
162.25,159.0899963,161.6999969,159.7899933,1540700,155.9747772,-0.548,2018/10/17,41,2018,0.4652,1.351865637
167.5200043,159.4799957,167.0800018,161.3600006,3739600,157.5072937,0.983,2018/10/18,41,2018,0.4652,1.351865637
163.0599976,159.2899933,161.4600067,159.8500061,3012000,156.0333862,-0.936,2018/10/19,41,2018,0.4652,1.351865637
168.9499969,160.5200043,165.2299957,166.8800049,7591100,162.8955231,4.398,2018/10/22,42,2018,0.657,2.669117644
165.9400024,161.6000061,164.8399963,164.1699982,4959200,160.2502136,-1.624,2018/10/23,42,2018,0.657,2.669117644
164,160.7799988,161.7400055,161.2299957,5610900,157.3804016,-1.791,2018/10/24,42,2018,0.657,2.669117644
166.3600006,162.4299927,162.7599945,165,5105400,161.0603943,2.338,2018/10/25,42,2018,0.657,2.669117644
167.1100006,163.4400024,163.7100067,164.9400024,35352000,161.0018463,-0.036,2018/10/26,42,2018,0.657,2.669117644
169.1600037,164.5899963,166.2200012,165.4900055,14032500,161.5387115,0.333,2018/10/29,43,2018,-0.621,1.125020666
167.6699982,162.7400055,166.1100006,164.5,57375600,160.5723267,-0.598,2018/10/30,43,2018,-0.621,1.125020666
165.6000061,161.3099976,161.7400055,165.4700012,18032200,161.519165,0.59,2018/10/31,43,2018,-0.621,1.125020666
165.4799957,161.9400024,164.6600037,162,11423500,158.1320343,-2.097,2018/11/1,43,2018,-0.621,1.125020666
161.8099976,155.4400024,160.6600037,159.8399963,6835100,156.0235901,-1.333,2018/11/2,43,2018,-0.621,1.125020666
162.1900024,157.4499969,157.6499939,161.9900055,4477400,158.1222687,1.345,2018/11/5,44,2018,0.2222,1.807277289
166.3500061,161.6699982,161.8300018,165.5299988,2510600,161.5777435,2.185,2018/11/6,44,2018,0.2222,1.807277289
166.8500061,164.2299957,164.5399933,166.8500061,7626300,162.8662262,0.797,2018/11/7,44,2018,0.2222,1.807277289
166.1499939,162.9299927,164.5,165.3000031,4010000,161.353241,-0.929,2018/11/8,44,2018,0.2222,1.807277289
163.9400024,160.5500031,162.9900055,161.5200043,3249100,157.6634827,-2.287,2018/11/9,44,2018,0.2222,1.807277289
162.3000031,158.9100037,160.0599976,159.2200012,1990800,155.4184113,-1.424,2018/11/12,45,2018,-0.4162,1.823956058
160.3300018,156.5299988,160.2200012,156.9299927,2507100,153.1830597,-1.438,2018/11/13,45,2018,-0.4162,1.823956058
158.2400055,153,158.1900024,153.3600006,2338700,149.6983185,-2.275,2018/11/14,45,2018,-0.4162,1.823956058
156.3000031,152.5599976,156.0899963,155.1799927,2759400,151.4748383,1.187,2018/11/15,45,2018,-0.4162,1.823956058
158.4600067,153.3999939,153.7400055,158.0800018,2726800,154.305603,1.869,2018/11/16,45,2018,-0.4162,1.823956058
161.4499969,158.4400024,158.6100006,159.5,2464700,155.6917114,0.898,2018/11/19,46,2018,-0.2935,1.332822944
160.1900024,157.2400055,157.4900055,157.8699951,2151600,154.1006317,-1.022,2018/11/20,46,2018,-0.2935,1.332822944
161.2400055,158.5500031,159.2400055,159.0599976,2070900,155.2622223,0.754,2018/11/21,46,2018,-0.2935,1.332822944
158.0099945,156.0200043,156.8600006,156.1900024,963600,152.4607544,-1.804,2018/11/23,46,2018,-0.2935,1.332822944
158.2200012,156.8800049,157.0399933,157.3200073,2678200,153.5637665,0.723,2018/11/26,47,2018,0.3824,2.165415734
156.6499939,151.5200043,155.6600037,152.5500031,2525900,148.9076691,-3.032,2018/11/27,47,2018,0.3824,2.165415734
156.4799957,151.6999969,153.5299988,156.2899933,1808800,152.5583496,2.452,2018/11/28,47,2018,0.3824,2.165415734
159.8399963,155.3500061,155.5099945,159.3099976,2901300,155.5062561,1.932,2018/11/29,47,2018,0.3824,2.165415734
160.6100006,156.9400024,157.0200043,159.0500031,3944100,155.2524567,-0.163,2018/11/30,47,2018,0.3824,2.165415734
164.4199982,159.9199982,162.3000031,164.3500061,3177200,160.4259186,3.332,2018/12/3,48,2018,-0.979,2.90522403
164.2899933,160.4499969,163.9499969,160.8300018,2746100,156.989975,-2.142,2018/12/4,48,2018,-0.979,2.90522403
159.0200043,153,158.5299988,155.9799957,4785400,152.2557678,-3.016,2018/12/6,48,2018,-0.979,2.90522403
158.5200043,152.3600006,156.2200012,152.7200012,2518700,149.0735931,-2.09,2018/12/7,48,2018,-0.979,2.90522403
157.5399933,154.1100006,156.0299988,156.9100037,2540400,153.163559,2.744,2018/12/10,49,2018,0.5582,1.7909512
162.4600067,156.6499939,161.1600037,157.4600067,2552900,153.7004242,0.351,2018/12/11,49,2018,0.5582,1.7909512
162.1399994,159.4600067,161.6499939,160.5500031,2402600,156.7166595,1.962,2018/12/12,49,2018,0.5582,1.7909512
161.3000031,157.3000031,160.3999939,158.0899963,2456700,154.3153839,-1.532,2018/12/13,49,2018,0.5582,1.7909512
158.4700012,156.0500031,157.3800049,156.9299927,2360800,153.1830597,-0.734,2018/12/14,49,2018,0.5582,1.7909512
159.4400024,155.5899963,157.1900024,157.3300018,3148600,154.3851624,0.785,2018/12/17,50,2018,-0.3836,0.846030319
158.8899994,156.6300049,158.4199982,157.6100006,2147000,154.6599121,0.178,2018/12/18,50,2018,-0.3836,0.846030319
158.5,155.2100067,157.3999939,155.8300018,2618700,152.9132385,-1.129,2018/12/19,50,2018,-0.3836,0.846030319
156.3999939,152.4400024,154.4799957,154.0500031,3398900,151.1665497,-1.142,2018/12/20,50,2018,-0.3836,0.846030319
157.4799957,153.0299988,156.0099945,153.1100006,5452000,150.2441406,-0.61,2018/12/21,50,2018,-0.3836,0.846030319
153.4100037,148.1300049,152.6999969,148.1300049,2086800,145.3573456,-3.253,2018/12/24,51,2018,0.5495,2.877340033
152.7700043,145.9499969,148.75,152.7400055,2591500,149.8810883,3.112,2018/12/26,51,2018,0.5495,2.877340033
156.4100037,150.6000061,152.0500031,156.4100037,2867000,153.4823761,2.403,2018/12/27,51,2018,0.5495,2.877340033
158.5599976,155.0399933,157.1000061,156.3099976,1586100,153.3842316,-0.064,2018/12/28,51,2018,0.5495,2.877340033
157,153.9400024,156.2299957,156.0399933,1853900,153.119278,-0.173,2018/12/31,52,2018,-0.173,0
158.1600037,153.5200043,153.5299988,157.1999969,1716400,154.2575836,0.743,2019/1/2,0,2019,0.156666667,3.029360053
154.3500061,151.9299927,154.0599976,152.2899933,1775500,149.4394684,-3.123,2019/1/3,0,2019,0.156666667,3.029360053
157.6199951,153.3600006,153.8300018,156.6300049,1801300,153.6982574,2.85,2019/1/4,0,2019,0.156666667,3.029360053
158.0399933,155.1499939,155.7799988,156.4900055,1830200,153.5608673,-0.089,2019/1/7,1,2019,0.4588,1.195936955
158.5599976,155.1999969,156.0899963,158.1499939,2207300,155.1898041,1.061,2019/1/8,1,2019,0.4588,1.195936955
159.5299988,156.3300018,156.7299957,158.4600067,2099900,155.4940033,0.196,2019/1/9,1,2019,0.4588,1.195936955
161.9799957,158.3500061,158.6999969,161.8500061,2093900,158.8205566,2.139,2019/1/10,1,2019,0.4588,1.195936955
160.7599945,159.3699951,160.5599976,160.2100067,1380400,157.2112579,-1.013,2019/1/11,1,2019,0.4588,1.195936955
159.5,157.6999969,158.3699951,158.0200043,2004800,155.0622406,-1.367,2019/1/14,2,2019,0.0794,1.334859281
157.8699951,156.5399933,156.8399963,157.2299957,2110700,154.2870331,-0.5,2019/1/15,2,2019,0.0794,1.334859281
158.4199982,157.0800018,157.5299988,157.2400055,1382100,154.2968445,0.006,2019/1/16,2,2019,0.0794,1.334859281
157.6499939,156.2100067,156.3999939,157.2599945,2176500,154.3164673,0.013,2019/1/17,2,2019,0.0794,1.334859281
161.4499969,158.0099945,158.7599945,160.7899933,2494800,157.7803955,2.245,2019/1/18,2,2019,0.0794,1.334859281
161.7799988,159.6900024,161.6100006,160.8399963,1699100,157.8294525,0.031,2019/1/22,3,2019,-0.30125,0.980812376
161.0899963,157.4600067,160.5700073,158.9299927,1569500,155.9552002,-1.188,2019/1/23,3,2019,-0.30125,0.980812376
157.9100037,156.4299927,157.6100006,157.3699951,2528000,154.424408,-0.982,2019/1/24,3,2019,-0.30125,0.980812376
160.1100006,158.6399994,158.6900024,158.8399963,1242700,155.8668823,0.934,2019/1/25,3,2019,-0.30125,0.980812376
158.3899994,156.8800049,157.7799988,158.2100067,1422500,155.2486877,-0.397,2019/1/28,4,2019,0.8604,1.004674972
162,159.3500061,159.5700073,161.2200012,1558300,158.2023468,1.903,2019/1/29,4,2019,0.8604,1.004674972
163.75,161.1600037,161.7899933,162.9199982,1113500,159.8705292,1.054,2019/1/30,4,2019,0.8604,1.004674972
163.4199982,159.6300049,161.1799927,163.0099945,1645900,159.9588318,0.055,2019/1/31,4,2019,0.8604,1.004674972
165.8999939,163.4600067,163.9100037,165.7599945,1324300,162.6573486,1.687,2019/2/1,4,2019,0.8604,1.004674972
165.6900024,163.2200012,165.4799957,163.5,2106500,160.4396667,-1.363,2019/2/4,5,2019,-0.549,1.116706094
165.9900055,163.8000031,165.2599945,164.9900055,2358600,161.9017792,0.911,2019/2/5,5,2019,-0.549,1.116706094
164.6199951,163.0399933,163.9499969,163.4199982,1124800,160.3611603,-0.952,2019/2/6,5,2019,-0.549,1.116706094
162.2400055,159.4299927,161.75,160.6900024,1361000,157.682251,-1.671,2019/2/7,5,2019,-0.549,1.116706094
161.6100006,159.0800018,160.0700073,161.2200012,1557900,158.2023468,0.33,2019/2/8,5,2019,-0.549,1.116706094
161.6199951,160.6300049,161.0599976,161.3500061,1128400,158.3299255,0.081,2019/2/11,6,2019,0.904,1.758890417
167.5500031,163.8899994,164.1300049,167.5299988,1772000,164.3942261,3.83,2019/2/12,6,2019,0.904,1.758890417
168.4900055,166.7899933,167.0899963,167.3800049,1599300,164.2470398,-0.09,2019/2/13,6,2019,0.904,1.758890417
167.6000061,165.9299927,166.6499939,166.5,1104100,163.3835144,-0.526,2019/2/14,6,2019,0.904,1.758890417
170.7100067,167.7700043,170.5399933,168.5399933,2573600,165.3853149,1.225,2019/2/15,6,2019,0.904,1.758890417
168.7799988,167.5599976,168,167.8600006,2221200,164.7180634,-0.403,2019/2/19,7,2019,0.7305,0.828642464
171.0099945,167.5899963,167.5899963,170.3000031,2574800,167.1123962,1.454,2019/2/20,7,2019,0.7305,0.828642464
172.3000031,170.5399933,170.9799957,171.3999939,1736500,168.1917877,0.646,2019/2/21,7,2019,0.7305,0.828642464
173.7400055,171.5500031,172.2400055,173.5,1075700,170.2525024,1.225,2019/2/22,7,2019,0.7305,0.828642464
175.0099945,173.3899994,173.8899994,174.6199951,1526800,171.3515167,0.646,2019/2/25,8,2019,-0.5898,1.355348184
174.8899994,173.4499969,173.7899933,173.9100037,1739200,170.6548157,-0.407,2019/2/26,8,2019,-0.5898,1.355348184
175.1199951,172.6300049,173.3999939,174.5,1451800,171.2337646,0.339,2019/2/27,8,2019,-0.5898,1.355348184
174.9299927,173.1000061,174.8099976,173.2400055,1698300,169.997345,-0.722,2019/2/28,8,2019,-0.5898,1.355348184
176.7299957,167.8600006,176.3600006,168.3800049,3033500,165.2283325,-2.805,2019/3/1,8,2019,-0.5898,1.355348184
168.9100037,166.0700073,168.3500061,168.6999969,1738100,165.5423279,0.19,2019/3/4,9,2019,0.2334,0.629478197
169.9400024,168.3500061,168.3500061,168.4400024,1205900,165.2872009,-0.154,2019/3/5,9,2019,0.2334,0.629478197
169.6799927,168.2100067,168.8399963,169.1300049,986800,165.9642792,0.41,2019/3/6,9,2019,0.2334,0.629478197
169.3600006,166.8200073,169.3600006,167.4700012,1450100,165.1899872,-0.467,2019/3/7,9,2019,0.2334,0.629478197
169.5200043,167.7599945,168.75,169.4600067,1558400,167.1528931,1.188,2019/3/8,9,2019,0.2334,0.629478197
171.3099976,169.4199982,169.4799957,171.2799988,1188800,168.9480896,1.074,2019/3/11,10,2019,0.8106,0.572854519
172.8999939,171.3899994,171.7799988,172.3200073,1309200,169.9739532,0.607,2019/3/12,10,2019,0.8106,0.572854519
175.5099945,173.6399994,174.0099945,174.3899994,1538500,172.0157623,1.201,2019/3/13,10,2019,0.8106,0.572854519
174.4400024,173.1699982,174.25,174.2100067,1033200,171.8382263,-0.103,2019/3/14,10,2019,0.8106,0.572854519
176.9600067,174.4299927,176.2799988,176.4299927,3661400,174.0279694,1.274,2019/3/15,10,2019,0.8106,0.572854519
174.9499969,173.4299927,174.75,174.5500031,1220400,172.173584,-1.066,2019/3/18,11,2019,-0.7448,1.69314137
175.7899933,172.6199951,175.3500061,173.5800018,1251600,171.2167816,-0.556,2019/3/19,11,2019,-0.7448,1.69314137
176.8699951,174.3600006,175.3500061,176.6300049,1536400,174.2252808,1.757,2019/3/20,11,2019,-0.7448,1.69314137
175.8300018,173.6999969,174.3399963,175.1000061,1146300,172.716095,-0.866,2019/3/21,11,2019,-0.7448,1.69314137
172.7599945,169.1900024,172.1000061,169.8600006,1384000,167.5474396,-2.993,2019/3/22,11,2019,-0.7448,1.69314137
171.9199982,169.5599976,170.9700012,170,1349700,167.6855316,0.082,2019/3/25,12,2019,0.711,1.267751947
171.3000031,169.6900024,170.8899994,170.9799957,1408100,168.6521912,0.576,2019/3/26,12,2019,0.711,1.267751947
170.0500031,168.6900024,169.4600067,169.4799957,1821400,167.1726074,-0.877,2019/3/27,12,2019,0.711,1.267751947
173.8500061,170.7299957,170.9600067,173.6999969,1892500,171.335144,2.49,2019/3/28,12,2019,0.711,1.267751947
176.1000061,173.8800049,175.3500061,175.9299927,2158100,173.53479,1.284,2019/3/29,12,2019,0.711,1.267751947
178.1799927,176,176.8399963,176.5800018,1791900,174.1759491,0.369,2019/4/1,13,2019,0.9724,0.956199142
178.1799927,176.6900024,177.3300018,178.0200043,1179700,175.596344,0.815,2019/4/2,13,2019,0.9724,0.956199142
184.5299988,180.6300049,181.1499939,182.7400055,2379600,180.2521057,2.651,2019/4/3,13,2019,0.9724,0.956199142
184.0399933,182.4199982,183.5700073,183.8999939,1471400,181.3962708,0.635,2019/4/4,13,2019,0.9724,0.956199142
185.4299927,183.9799957,184.5899963,184.6199951,1403400,182.1064758,0.392,2019/4/5,13,2019,0.9724,0.956199142
185.9199982,184.1499939,185.8999939,184.8399963,1138500,182.3235016,0.119,2019/4/8,14,2019,-0.4654,0.629495671
185.0500031,182.75,185.0500031,182.8999939,1388200,180.4098969,-1.05,2019/4/9,14,2019,-0.4654,0.629495671
183.5899963,179.8200073,183.3899994,181.0200043,2443700,178.5554962,-1.028,2019/4/10,14,2019,-0.4654,0.629495671
181.8099976,179.7700043,181.6799927,179.8500061,1916400,177.4014282,-0.646,2019/4/11,14,2019,-0.4654,0.629495671
181.1300049,180.1399994,180.8000031,180.3500061,1914500,177.8946228,0.278,2019/4/12,14,2019,-0.4654,0.629495671
180.4299927,179.1399994,180.1399994,180.1399994,1448000,177.6874847,-0.116,2019/4/15,15,2019,0.00725,0.322714915
180.6799927,178.8000031,180.0800018,180.6199951,1749700,178.1609497,0.266,2019/4/16,15,2019,0.00725,0.322714915
181.8600006,179.3999939,180.6399994,179.9100037,1663300,177.4606323,-0.393,2019/4/17,15,2019,0.00725,0.322714915
180.7899933,179.6699982,180.1199951,180.3999939,1547300,177.943924,0.272,2019/4/18,15,2019,0.00725,0.322714915
180.8000031,178.8300018,179.8500061,178.8999939,1002100,176.4643402,-0.831,2019/4/22,16,2019,-0.2352,0.896008761
179.7200012,178.5500031,178.6499939,179.3300018,1796500,176.888504,0.24,2019/4/23,16,2019,-0.2352,0.896008761
179.5099945,177.5099945,179.0099945,177.6199951,1780200,175.2017822,-0.954,2019/4/24,16,2019,-0.2352,0.896008761
176.75,174.9199982,176.2200012,176.2799988,2229900,173.8800354,-0.754,2019/4/25,16,2019,-0.2352,0.896008761
178.2599945,175.3699951,175.4400024,178.2599945,1483900,175.8330536,1.123,2019/4/26,16,2019,-0.2352,0.896008761
178.2599945,176.4900055,176.7899933,177.1000061,1195400,174.6888885,-0.651,2019/4/29,17,2019,0.3068,1.216637867
180.5599976,177.3899994,177.8699951,180.2599945,1404200,177.8058472,1.784,2019/4/30,17,2019,0.3068,1.216637867
181.1999969,178.0099945,179.8899994,178.2899933,1018300,175.8626556,-1.093,2019/5/1,17,2019,0.3068,1.216637867
180.4900055,177.2700043,177.9299927,180.4900055,1691000,178.0327148,1.234,2019/5/2,17,2019,0.3068,1.216637867
181.4700012,179.2400055,179.6799927,180.9600067,1248900,178.4963379,0.26,2019/5/3,17,2019,0.3068,1.216637867
179.3300018,177.8099976,177.8300018,178.6300049,1407000,176.1980438,-1.288,2019/5/6,18,2019,0.1026,2.911248924
176.8699951,172.9100037,176.5800018,174.5700073,2049600,172.1933289,-2.273,2019/5/7,18,2019,0.1026,2.911248924
177.5299988,174.2400055,174.4299927,176.5399933,1264600,174.1364899,1.128,2019/5/8,18,2019,0.1026,2.911248924
174.7100067,171.6000061,173.1999969,173.3500061,1999500,170.9899292,-1.807,2019/5/9,18,2019,0.1026,2.911248924
182.2200012,174.2700043,174.6300049,181.5899963,2511800,179.1177368,4.753,2019/5/10,18,2019,0.1026,2.911248924
181.0099945,177.8200073,179.7400055,180.6799927,2328500,178.220108,-0.501,2019/5/13,19,2019,0.8144,1.700221986
182.3600006,179.7799988,180.3099976,180.9199982,2029300,178.4568634,0.133,2019/5/14,19,2019,0.8144,1.700221986
182.3699951,178.3200073,178.5700073,180.8600006,1184200,178.3976746,-0.033,2019/5/15,19,2019,0.8144,1.700221986
188.9700012,184.5,185.0899963,187.6499939,1866600,185.0952301,3.754,2019/5/16,19,2019,0.8144,1.700221986
189.4499969,186.8899994,188.1900024,189,1737900,186.4268646,0.719,2019/5/17,19,2019,0.8144,1.700221986
187.1699982,184.6499939,186,185.2599945,1383700,182.7377625,-1.979,2019/5/20,20,2019,-0.1106,1.610580113
187.4400024,186.1499939,186.7599945,187.2700043,1051500,184.7204132,1.085,2019/5/21,20,2019,-0.1106,1.610580113
189.7200012,187.1799927,187.8699951,188.2400055,1334800,185.6772003,0.518,2019/5/22,20,2019,-0.1106,1.610580113
187.0399933,184.4700012,185.8899994,185.0800018,1318500,182.5602264,-1.679,2019/5/23,20,2019,-0.1106,1.610580113
188.1499939,185.8500061,187.3699951,187.8600006,1025300,185.3023834,1.502,2019/5/24,20,2019,-0.1106,1.610580113
187.7799988,183.7299957,186.9400024,184.3099976,1483100,181.800705,-1.89,2019/5/28,21,2019,-0.86575,0.875702147
183.1300049,181.2100067,181.4600067,183.0099945,1405400,180.5184021,-0.705,2019/5/29,21,2019,-0.86575,0.875702147
184.2100067,182.7700043,182.9199982,183.4100037,1042000,180.9129639,0.219,2019/5/30,21,2019,-0.86575,0.875702147
181.4100037,179.8699951,180.3000031,180.5500031,1757200,178.9456177,-1.087,2019/5/31,21,2019,-0.86575,0.875702147
187.4100037,181.1999969,181.4700012,187.2799988,2882600,185.615799,3.727,2019/6/3,22,2019,2.0774,1.133525606
191.3500061,185.6799927,187.8099976,191.3500061,3115200,189.6496277,2.173,2019/6/4,22,2019,2.0774,1.133525606
192.8000031,190.4900055,191.3500061,192.75,3708800,191.0371857,0.732,2019/6/5,22,2019,2.0774,1.133525606
198.0599976,193.6900024,194.3099976,197.3500061,3468200,195.5963287,2.387,2019/6/6,22,2019,2.0774,1.133525606
201.1100006,197.6300049,200.1499939,200.0500031,3613300,198.2723236,1.368,2019/6/7,22,2019,2.0774,1.133525606
202,198.2299957,200.1199951,200.4199982,1197400,198.6390381,0.185,2019/6/10,23,2019,0.2648,0.218073841
201.8200073,199.7200012,201.1999969,200.7899933,1720000,199.0057373,0.185,2019/6/11,23,2019,0.2648,0.218073841
202.2799988,200.9700012,201.5800018,201.6900024,1956300,199.8977509,0.448,2019/6/12,23,2019,0.2648,0.218073841
203.8899994,201.6399994,203.4799957,202.7400055,2855100,200.9384308,0.521,2019/6/13,23,2019,0.2648,0.218073841
203.2299957,201.4299927,202.6600037,202.7100067,1524000,200.9086914,-0.015,2019/6/14,23,2019,0.2648,0.218073841
203.6100006,201.0399933,202.9299927,201.2599945,1757200,199.4715576,-0.715,2019/6/17,24,2019,-0.0514,1.222151505
204.7599945,202.7100067,204.1799927,204.0200043,2006900,202.2070465,1.371,2019/6/18,24,2019,-0.0514,1.222151505
202.4700012,199.1399994,202.2400055,200.5899963,1944700,198.8075256,-1.681,2019/6/19,24,2019,-0.0514,1.222151505
203.7100067,201.5,203.6499939,202.3399963,1703300,200.5419617,0.872,2019/6/20,24,2019,-0.0514,1.222151505
202.9900055,202.0299988,202.6399994,202.1300049,3770300,200.3338318,-0.104,2019/6/21,24,2019,-0.0514,1.222151505
203.8699951,202.0299988,202.4900055,203.3800049,1092500,201.5727386,0.618,2019/6/24,25,2019,-0.1298,0.749119283
204.3200073,202.7100067,204.3200073,202.8000031,1118800,200.9978943,-0.285,2019/6/25,25,2019,-0.1298,0.749119283
202.3099976,200.5599976,202.0500031,200.6000061,1369900,198.8174438,-1.085,2019/6/26,25,2019,-0.1298,0.749119283
199.9499969,198.4600067,198.6999969,199.5299988,1532100,197.7569427,-0.533,2019/6/27,25,2019,-0.1298,0.749119283
201.7200012,199.1199951,199.6000061,200.8000031,6440600,199.0156555,0.636,2019/6/28,25,2019,-0.1298,0.749119283
203.1900024,201.5099945,203.0200043,203,1113300,201.1961212,1.096,2019/7/1,26,2019,0.204,0.693557015
203.9700012,201.5299988,202.0099945,203.5399933,1722400,201.7312927,0.266,2019/7/2,26,2019,0.204,0.693557015
203.6100006,201.7100067,202,203.6100006,939500,201.8006897,0.034,2019/7/3,26,2019,0.204,0.693557015
203.1699982,200.1000061,201.1000061,202.4299927,1741300,200.6311646,-0.58,2019/7/5,26,2019,0.204,0.693557015
203.6399994,200.8800049,201.0500031,201.6699982,1277100,199.8779144,-0.375,2019/7/8,27,2019,0.1536,0.474243397
202.6100006,200.7100067,202.4199982,200.9700012,1160700,199.1841431,-0.347,2019/7/9,27,2019,0.1536,0.474243397
202.6499939,201.4600067,202.0800018,201.7700043,1062000,199.9770508,0.398,2019/7/10,27,2019,0.1536,0.474243397
203.0599976,201.0299988,201.4400024,202.8099976,1225200,201.007782,0.515,2019/7/11,27,2019,0.1536,0.474243397
204.7200012,202.9799957,203.7599945,203.9799957,1027600,202.1673889,0.577,2019/7/12,27,2019,0.1536,0.474243397
205.1000061,203.7100067,204.1900024,204.0700073,869000,202.2566071,0.044,2019/7/15,28,2019,-0.0574,0.609400361
205.5500031,202.4499969,204.1300049,202.5899963,1073700,200.7897491,-0.725,2019/7/16,28,2019,-0.0574,0.609400361
203.8500061,201.7599945,203.5399933,201.8200073,986700,200.0266113,-0.38,2019/7/17,28,2019,-0.0574,0.609400361
203.6799927,201.8200073,202.8000031,203.6399994,1067500,201.8304291,0.902,2019/7/18,28,2019,-0.0574,0.609400361
204.6100006,202.6300049,202.9900055,203.3800049,1228300,201.5727386,-0.128,2019/7/19,28,2019,-0.0574,0.609400361
204.9900055,203.1699982,204.5899963,203.5800018,653400,201.7709503,0.098,2019/7/22,29,2019,-0.2308,1.451541835
206.8200073,204.1900024,204.8300018,206.8200073,1064800,204.9821625,1.592,2019/7/23,29,2019,-0.2308,1.451541835
204.1900024,202.1999969,204.0599976,202.75,1102800,200.9483337,-1.968,2019/7/24,29,2019,-0.2308,1.451541835
200.6799927,196.5299988,200.3899994,199.8899994,2084900,198.113739,-1.411,2019/7/25,29,2019,-0.2308,1.451541835
201.1499939,199.3200073,199.4299927,200.9600067,1191200,199.1742401,0.535,2019/7/26,29,2019,-0.2308,1.451541835
200.2100067,199.25,199.7700043,199.7700043,1468200,197.994812,-0.592,2019/7/29,30,2019,-1.3516,0.891331195
197.7899933,195.75,195.8099976,196.5,2466300,194.7538605,-1.637,2019/7/30,30,2019,-1.3516,0.891331195
196.1900024,188.9900055,195.9100037,191.2799988,4160900,189.5802612,-2.656,2019/7/31,30,2019,-1.3516,0.891331195
193.5,189.1600037,189.6100006,190.4199982,3762800,188.72789,-0.45,2019/8/1,30,2019,-1.3516,0.891331195
189.0500031,185.8300018,188.7799988,187.7100067,2556900,186.0419769,-1.423,2019/8/2,30,2019,-1.3516,0.891331195
193.0899963,189.2200012,190,190.6300049,3071900,188.9360352,1.556,2019/8/5,31,2019,0.4544,1.063708748
190.3300018,185.8999939,190.3000031,188.7599945,2352000,187.0826416,-0.981,2019/8/6,31,2019,0.4544,1.063708748
191.4100037,186.6199951,187.0500031,190.7799988,2078900,189.0847015,1.07,2019/8/7,31,2019,0.4544,1.063708748
193.4299927,190,190.4799957,192.6100006,1927100,190.8984375,0.959,2019/8/8,31,2019,0.4544,1.063708748
192.8000031,189.7200012,189.9299927,191.9700012,1600200,190.2641296,-0.332,2019/8/9,31,2019,0.4544,1.063708748
194.6399994,192.0099945,193.0200043,192.1999969,1621600,190.4920807,0.12,2019/8/12,32,2019,-0.3178,1.963875811
195.6100006,191.5,192.1300049,192.8999939,1678700,191.1858521,0.364,2019/8/13,32,2019,-0.3178,1.963875811
190.3200073,185.4900055,188.8000031,185.6399994,2441100,183.9903717,-3.764,2019/8/14,32,2019,-0.3178,1.963875811
187.4900055,185.0700073,185.7100067,186.6399994,1508300,184.9814911,0.539,2019/8/15,32,2019,-0.3178,1.963875811
189.1300049,186.5599976,186.6799927,188.7899933,1198900,187.1123657,1.152,2019/8/16,32,2019,-0.3178,1.963875811
190.3300018,188.3099976,189.2400055,189.1100006,1232100,187.4295349,0.17,2019/8/19,33,2019,-0.4818,0.840459815
189,186.3000031,188.2299957,187.6900024,1364200,186.0221558,-0.751,2019/8/20,33,2019,-0.4818,0.840459815
189.9499969,188.6100006,189.3099976,188.7400055,1074700,187.0628357,0.559,2019/8/21,33,2019,-0.4818,0.840459815
189,186.6100006,188.5500031,187.1300049,1446700,185.4671478,-0.853,2019/8/22,33,2019,-0.4818,0.840459815
187.3600006,181.6000061,185.6399994,184.2599945,2119700,182.6226349,-1.534,2019/8/23,33,2019,-0.4818,0.840459815
185.4400024,183.8300018,185.25,184.9199982,1226800,183.2767639,0.358,2019/8/26,34,2019,0.5954,0.668880258
186.3999939,184.3699951,186.1000061,184.7400055,1477100,183.0983734,-0.097,2019/8/27,34,2019,0.5954,0.668880258
185.9299927,183.8600006,184.6900024,184.9700012,1122700,183.3263245,0.124,2019/8/28,34,2019,0.5954,0.668880258
188.4400024,187.0700073,188.1399994,187.6600037,1458900,185.9924164,1.454,2019/8/29,34,2019,0.5954,0.668880258
189.2400055,187.4100037,188.5,188.9100037,1686800,188.1084137,1.138,2019/8/30,34,2019,0.5954,0.668880258
188.1399994,186.1999969,187.2700043,187.2299957,1370200,186.4355316,-0.889,2019/9/3,35,2019,0.08375,0.917444776
188.8999939,186.5099945,188.0399933,187.5599976,1210400,186.7641296,0.176,2019/9/4,35,2019,0.08375,0.917444776
189.5,187.1000061,188.6999969,187.1000061,1911200,186.3060913,-0.245,2019/9/5,35,2019,0.08375,0.917444776
190.3000031,187.9700012,188.5200043,189.5200043,1066700,188.7158203,1.293,2019/9/6,35,2019,0.08375,0.917444776
188.4400024,185.0299988,188.1000061,185.2100067,2862300,184.424118,-2.274,2019/9/9,36,2019,0.2876,1.614050898
185.7200012,183.2599945,184.1100006,185.7200012,1788900,184.9319458,0.275,2019/9/10,36,2019,0.2876,1.614050898
187.7299957,185.1100006,185.6699982,187.6100006,1292100,186.8139191,1.018,2019/9/11,36,2019,0.2876,1.614050898
192.6199951,189.3200073,190.6499939,191.5700073,1640200,190.7571259,2.111,2019/9/12,36,2019,0.2876,1.614050898
193.7100067,191.9799957,192.4900055,192.1600037,1717100,191.3446198,0.308,2019/9/13,36,2019,0.2876,1.614050898
191.8000031,187.75,191.6000061,188.5200043,1263900,187.7200623,-1.894,2019/9/16,37,2019,0.21,1.412787847
193.1999969,189.75,190.3399963,192.2400055,1186700,191.4242859,1.973,2019/9/17,37,2019,0.21,1.412787847
193.6699982,191,193.4499969,192.6600037,1694800,191.8424988,0.218,2019/9/18,37,2019,0.21,1.412787847
196.1199951,193.9199982,195.6900024,194.2400055,1601500,193.415802,0.82,2019/9/19,37,2019,0.21,1.412787847
196.25,193.1000061,195.4900055,194.1100006,2475500,193.2863464,-0.067,2019/9/20,37,2019,0.21,1.412787847
194,192.5500031,192.6499939,193.5200043,859600,192.6988525,-0.304,2019/9/23,38,2019,-0.264,0.526536324
193.8399963,190.8500061,193.1699982,191.5200043,1539800,190.7073364,-1.033,2019/9/24,38,2019,-0.264,0.526536324
192.8699951,190.3300018,190.6399994,192.25,852100,191.4342346,0.381,2019/9/25,38,2019,-0.264,0.526536324
193.2100067,191.4799957,193.0399933,192.3000031,1345600,191.484024,0.026,2019/9/26,38,2019,-0.264,0.526536324
192.75,190.5800018,192.1600037,191.5500031,873900,190.7372131,-0.39,2019/9/27,38,2019,-0.264,0.526536324
194.2400055,192.1799927,192.5200043,193.7200012,1027200,192.897995,1.133,2019/9/30,39,2019,-0.5538,1.816473424
194.0200043,188.4499969,193.9299927,188.5500031,1127500,187.749939,-2.669,2019/10/1,39,2019,-0.5538,1.816473424
186,182.0599976,185.9299927,184.1100006,1996200,183.3287811,-2.355,2019/10/2,39,2019,-0.5538,1.816473424
184.9799957,182.2799988,183.8600006,184.6399994,955600,183.8565216,0.288,2019/10/3,39,2019,-0.5538,1.816473424
187.3800049,184.2200012,185.6600037,186.1799927,1498100,185.3899841,0.834,2019/10/4,39,2019,-0.5538,1.816473424
190.3399963,185.8300018,186,188.5800018,2744100,187.7798157,1.289,2019/10/7,40,2019,0.8658,1.830132427
187.4499969,183.6999969,187.4400024,184.1100006,1526600,183.3287811,-2.37,2019/10/8,40,2019,0.8658,1.830132427
188.0399933,185.6799927,186.1100006,187.3899994,1266600,186.5948486,1.782,2019/10/9,40,2019,0.8658,1.830132427
192.0599976,188.6000061,190.2299957,191.2299957,1486200,190.4185638,2.049,2019/10/10,40,2019,0.8658,1.830132427
196.5399933,192.3500061,192.6799927,194.25,1609600,193.4257507,1.579,2019/10/11,40,2019,0.8658,1.830132427
195.3099976,192.4600067,194.3000031,192.5299988,1213700,191.7130432,-0.885,2019/10/14,41,2019,0.1616,0.932313949
198.0299988,194.8899994,195.7899933,195.1799927,1519300,194.3517914,1.376,2019/10/15,41,2019,0.1616,0.932313949
198.1799927,196.1399994,197.8000031,196.8500061,1570400,196.0147247,0.856,2019/10/16,41,2019,0.1616,0.932313949
198.9799957,196.5500031,197.7599945,196.6399994,958900,195.805603,-0.107,2019/10/17,41,2019,0.1616,0.932313949
197.2400055,194.9400024,196.8800049,195.7899933,1022800,194.9592133,-0.432,2019/10/18,41,2019,0.1616,0.932313949
196.0500031,194.3300018,195.9400024,194.9700012,927900,194.1427002,-0.419,2019/10/21,42,2019,-0.0748,1.219353189
193.6799927,191.3999939,193.0800018,191.4700012,1429700,190.657547,-1.795,2019/10/22,42,2019,-0.0748,1.219353189
194.8699951,193.1699982,193.7599945,193.6999969,1227900,192.8780823,1.165,2019/10/23,42,2019,-0.0748,1.219353189
194.6399994,192.6900024,194.3099976,192.9900055,996600,192.1710968,-0.367,2019/10/24,42,2019,-0.0748,1.219353189
195.4499969,194.0399933,194.3899994,195,1025000,194.1725616,1.042,2019/10/25,42,2019,-0.0748,1.219353189
196.8899994,195.6799927,196.3099976,196.7700043,1216700,195.9350586,0.908,2019/10/28,43,2019,0.3884,0.654813943
201.3099976,197.1100006,197.7700043,199.1100006,1080100,198.2651215,1.189,2019/10/29,43,2019,0.3884,0.654813943
199.5599976,196.3000031,197.8699951,199.1900024,1110400,198.3447876,0.04,2019/10/30,43,2019,0.3884,0.654813943
199.25,196.9499969,199.1799927,198.3500061,1303500,197.5083618,-0.422,2019/10/31,43,2019,0.3884,0.654813943
200.0500031,198.3800049,198.8800049,198.8000031,812200,197.9564514,0.227,2019/11/1,43,2019,0.3884,0.654813943
201.4900055,200.1199951,201.25,200.7599945,1086100,199.9081116,0.986,2019/11/4,44,2019,0.4198,0.470354335
201.4799957,198.9499969,200.9400024,200.3099976,1132900,199.4600372,-0.224,2019/11/5,44,2019,0.4198,0.470354335
201.6000061,200.1100006,201.1100006,201.1199951,1084500,200.2665863,0.404,2019/11/6,44,2019,0.4198,0.470354335
202.7200012,201.0399933,201.6399994,202.6000061,1098200,201.7403259,0.736,2019/11/7,44,2019,0.4198,0.470354335
204.4499969,202.3099976,203.6000061,203,966000,202.1386261,0.197,2019/11/8,44,2019,0.4198,0.470354335
203.3200073,201.5800018,202.7700043,202.2899933,881600,201.4316254,-0.35,2019/11/11,45,2019,0.6548,0.765033463
207.7100067,204.1799927,205.2299957,205.7599945,1681200,204.8869019,1.715,2019/11/12,45,2019,0.6548,0.765033463
208.6900024,206.75,207.1999969,207.8200073,1388200,206.9381714,1.001,2019/11/13,45,2019,0.6548,0.765033463
208.9700012,206.7400055,207.0899963,208.6399994,1003000,207.7546844,0.395,2019/11/14,45,2019,0.6548,0.765033463
210.3300018,208.3300018,210,209.7100067,1772000,208.8201599,0.513,2019/11/15,45,2019,0.6548,0.765033463
209.9600067,207.4799957,208.3899994,209.1100006,1115900,208.2226868,-0.286,2019/11/18,46,2019,-0.4616,0.337411914
210.5,207.4299927,210.1999969,207.4299927,1463700,206.5498199,-0.803,2019/11/19,46,2019,-0.4616,0.337411914
207.6999969,205.5599976,207.0200043,206.1799927,1234900,205.3051147,-0.603,2019/11/20,46,2019,-0.4616,0.337411914
207.8099976,206.0299988,207.2299957,206.2599945,1369500,205.3847809,0.039,2019/11/21,46,2019,-0.4616,0.337411914
206.0899963,204.6600037,205.4100037,204.9100037,936700,204.0405121,-0.655,2019/11/22,46,2019,-0.4616,0.337411914
205.9600067,204.2400055,204.7400055,205.9400024,1418800,205.0661469,0.503,2019/11/25,47,2019,0.159,0.403482342
205.9799957,204.6399994,205.1100006,205.1399994,1547400,204.2695313,-0.388,2019/11/26,47,2019,0.159,0.403482342
206.1100006,203.8099976,203.9600067,206,1074000,205.125885,0.419,2019/11/27,47,2019,0.159,0.403482342
206.8200073,205.1600037,205.3899994,206.2100067,847600,205.3350067,0.102,2019/11/29,47,2019,0.159,0.403482342
203.5800018,199.8300018,202.8500061,200.6300049,1718600,200.6300049,-2.291,2019/12/2,48,2019,0.026,1.310499523
202.5599976,199.6100006,200.6100006,202.0399933,1230600,202.0399933,0.703,2019/12/3,48,2019,0.026,1.310499523
205.0200043,202.6699982,204.3000031,202.75,1384500,202.75,0.351,2019/12/4,48,2019,0.026,1.310499523
204.0599976,202.25,203.1699982,203.75,868700,203.75,0.493,2019/12/5,48,2019,0.026,1.310499523
205.9900055,204.6000061,205.6000061,205.5299988,912300,205.5299988,0.874,2019/12/6,48,2019,0.026,1.310499523
207,204.7799988,206.8600006,205.3300018,1038300,205.3300018,-0.097,2019/12/9,49,2019,0.3454,1.124020151
205.7400055,203.8300018,204.6999969,203.9499969,1135900,203.9499969,-0.672,2019/12/10,49,2019,0.3454,1.124020151
206.3600006,204.8899994,205.4499969,205.6399994,1159200,205.6399994,0.829,2019/12/11,49,2019,0.3454,1.124020151
210.25,206.8699951,207.0899963,209.9199982,1333000,209.9199982,2.081,2019/12/12,49,2019,0.3454,1.124020151
211.6399994,208.3800049,211.1100006,209.0500031,1527900,209.0500031,-0.414,2019/12/13,49,2019,0.3454,1.124020151
211.1699982,209.8200073,211.1000061,210.0200043,1797200,210.0200043,0.464,2019/12/16,50,2019,0.2934,0.733946047
210.5200043,208.7100067,210.3800049,209.6600037,1433000,209.6600037,-0.171,2019/12/17,50,2019,0.2934,0.733946047
209.3300018,206.9400024,209.3200073,208.3300018,1427300,208.3300018,-0.634,2019/12/18,50,2019,0.2934,0.733946047
209.4499969,207.6600037,207.9400024,209.3999939,1205200,209.3999939,0.514,2019/12/19,50,2019,0.2934,0.733946047
213.9400024,211.0200043,213.1300049,212.1100006,3034100,212.1100006,1.294,2019/12/20,50,2019,0.2934,0.733946047
212.3099976,211.1000061,212.0800018,211.7700043,967400,211.7700043,-0.16,2019/12/23,51,2019,0.01825,0.349935589
212.4100037,210.6699982,211.5700073,211.6199951,399900,211.6199951,-0.071,2019/12/24,51,2019,0.01825,0.349935589
212.75,211.1000061,211.6999969,212.75,481000,212.75,0.534,2019/12/26,51,2019,0.01825,0.349935589
214.2599945,212.0899963,214.1499939,212.2599945,825500,212.2599945,-0.23,2019/12/27,51,2019,0.01825,0.349935589
212.8999939,211.2700043,212.8099976,211.4900055,807500,211.4900055,-0.363,2019/12/30,52,2019,0.152,0.728319985
212.9199982,211.2599945,211.7400055,212.8999939,1040000,212.8999939,0.667,2019/12/31,52,2019,0.152,0.728319985
